name,address,update,wage,degree,company,company_info,tag,detail
算法工程师（2021届）,北京·朝阳区·定福庄,发布于02月27日,30-50K·16薪,在校/应届本科,好大夫在线,移动互联网D轮及以上500-999人,深度学习算法 自然语言处理 机器学习算法 C++,"工作职责：
1、用机器学习、文本挖掘等技术，对结构化和非结构化数据进行挖掘，发现其潜在关系，指导医疗大数据应用落地；
2、构建通用的分布式环境下机器学习系统，快速支持算法应用；
3、参与文本意图分析，包括文本分类和聚类，拼写纠错，实体识别与消歧，中心词提取，短文本理解等；
4、探索医疗AI领域。
任职资格：
1、计算机/通信等相关专业，统招博士学历，有较好的理论基础和快速的学习能力；
2、熟练掌握TensorFlow，pyTorch，Caffe，HTS等社区开源工具中的一种及以上；
3、对常用的机器学习/深度学习算法有深入理解，例如：LR/GMM/SVM/CRF/MaxEnt/HMM/NN 等；
4、熟悉 linux 开发环境，掌握至少一门编程语言，如 C++、Python等；
5、有NLP或图像领域的工作或研究经验，搭建过实际线上系统者优先；
6、表达能力强，乐观向上，自我驱动力强，具备敏锐的洞察力和良好的抗压能力。
职位招聘1-10人"
图像算法实习生,北京·海淀区·中关村,发布于04月05日,200-250元/天,5天/周2个月本科,好未来,互联网已上市10000人以上,视觉图像算法 深度学习算法 C++ Python,"岗位职责：
1.参与图像OCR相关算法的研究、改进和应用；包括但不局限于文字检测、识别，图像分类等。
2.参与移动端图像算法的研发和部署。
任职要求：
1.计算机图像、视觉专业，硕士以上学历；
2.熟悉TensorFlow、caffe、pytorch等主流开发框架；
3.熟悉C++、Python等编程经验；"
自然语言处理(实习),北京·朝阳区·来广营,发布于03月16日,150-180元/天,4天/周3个月本科,雪球公司,互联网金融D轮及以上500-999人,深度学习算法 自动问答 知识图谱 实体识别,"岗位职责：
1、参与雪球社区基础数据挖掘核心技术研究和研发；
2、为雪球推荐提供文本特征和算法支持；
3、构建股票财经知识库，挖掘领域内部的实体关系；
4、探索研究NLP/推荐算法在财经领域的应用，如财经事件抽取、市场情绪分析等。
任职要求：
1.精通自然语言处理相关领域的知识与技能，熟悉常见的机器学习算法 ；
2.对自然语言处理相关的实体识别、句法分析、情感分析和观点抽取、语义分析等有相关的实践经验；
3.熟悉Java，Python，C++等一种或一种以上编程语言；
4.较好的主动性和分享精神，良好的沟通和协作能力。"
算法研究实习生,北京·海淀区·北太平庄,发布于03月10日,200-250元/天,4天/周3个月本科,寒武纪,电子/半导体/集成电路已上市1000-9999人,深度学习算法 自然语言处理 机器学习算法 人工智能,"如果说AI算法是机器学习的未来，AI处理器是体系结构的未来，那寒武纪算法研究员则是这两个未来之间的纽带。经过多年发展，AI算法已经从注重精度的理论研究过渡到注重性能的产业化落地阶段，我们看到不适合硬件高效运行的AI算法已经在逐步被市场淘汰。在寒武纪你可以成为最懂体系结构的算法研究员，也可以成为最懂算法的体系结构研究员。在AI算法这样一个竞争激烈的领域，拥有系统的体系结构知识，将是你最终胜出的不二法宝。
⭐ 工作地点：北京市（非远程）
⭐ 薪资：200-300元/天 提供租房补贴
⭐ 提供转正机会
工作职责:
结合智能处理器硬件特性，设计、实现及部署图像、视频、自然语言等领域人工智能算法。
要求:
1、本科及以上学历在校生，有良好的编程基础；
2、了解机器学习算法，了解各种开源深度学习框架；
3、有计算机体系结构知识者优先；
4、可至少实习3个月以上，每周实习3天以上。可尽快到岗者优先。"
nlp算法实习生,北京·海淀区·马连洼,发布于昨天,200-300元/天,5天/周3个月本科,地平线,互联网C轮1000-9999人,自动问答,"岗位职责：
1. 参与自然语言理解、对话相关系统的实现；
2. 参与文本数据优化或模型优化，提升线上系统性能。
岗位需求：
1. 本科及以上学历；熟悉电脑和常用软件的使用。
2. 了解NLP的基本原理，有NLP项目经历；
3. 对NLP的领域、意图、槽位等概念有深刻的理解，能够根据句式编写相应的语法规则。"
风险分析师,北京·海淀区·中关村,发布于03月08日,10-11K,在校/应届本科,货拉拉科技,互联网D轮及以上1000-9999人,风控建模 SQL 数据挖掘,"工作职责：
1. 了解一类业务安全风险（大资损、盗号盗刷、支付违规等），配合团队制定有效的综合打法
2. 协助建立模型，挖掘风险场景特征，并对模型效果进行校验
3. 协助安全BP进行风险评估，对业务方案进行可行性判断
4. 前瞻性地认知行业发展趋势，应用新技术、新方法打击新问题
任职资格：
1. 专业不限，风险分析、风险管理相关专业优先
2. 熟练使用SQL、Hive等，熟悉Groovy或Lua
3. 良好的数据敏感度，具备一定的商业分析能力
4. 优秀的逻辑思考能力、学习能力、沟通能力和总结能力
特别说明：
仅对在校生开放，实习优秀者可以转正
职位招聘1人"
算法实习生,北京·海淀区·北太平庄,发布于03月25日,200-250元/天,3天/周3个月本科,欢聚集团,移动互联网已上市1000-9999人,深度学习算法 机器学习算法 TensorFlow PyTorch,"## 岗位职责:
1. 在 Leader 的指导下，完成相关的论文调研和重现工作
2. 在 Leader 的指导下，对现有的模型进行调优和部署的工作
3. NLP 训练数据的抓取、清洗、预处理等工作
## 任职条件:
1. 计算机相关专业硕士以上在校学生，机器学习方向的优先。
2. 扎实的数理基础和计算机软件开发基础，具备基础的算法、编程语言、 操作系统、计算机网络相关知识。
3. 熟练使用 tensorflow，pytorch 等框架的开发，有过超参数调试经验 的。
4. 独立分析问题和解决问题的能力、良好的团队合作精神。
5. 在实验室对 NLP 领域的4大任务类型(分类、序列标注、文本匹配、文 本生成)有实际项目经验的优先。"
算法工程师,北京·海淀区·北沙滩,发布于昨天,12-24K,在校/应届本科,中科创达软件,计算机软件已上市1000-9999人,人工智能 深度学习算法 视觉图像算法,"职位描述：
1.参与公司最前沿技术的预研，
2.进行算法原型的开发，负责设计，编码实现，调试，评估以及优化计算机视觉相关算法；
3.负责交付高效运行，且高可靠性的算法方案，完成最牛气的产品从需求到落地的全过程
职位要求：
1.统招本科及以上学历，理工科专业
2.热爱编程，熟练掌握C/C++编程语言，熟悉Python者优先考虑
3.有很强的数学及逻辑思维能力
4.研究背景来自人工智能，模式识别，进化计算，数字图像处理，计算机图形学，建模与优化理论等方向
职位招聘12人"
nlp工程师,北京·海淀区·西三旗,发布于03月11日,15-25K,在校/应届本科,百分点集团,计算机服务D轮及以上500-999人,深度学习算法 情感分析 实体识别,"工作职责:
1、针对海量文本内容，结合深度学习等前沿技术进行实体识别、情感分析、自动分类、智能校对等各种文本挖掘算法的研发工作
2、为公司产品加入文本挖掘功能，在实际场景中有效运用成熟的文本挖掘算法，将文本挖掘技术产品化
3、参与项目中文本分析工作的具体实现，按时保质完成项目任务
任职资格:
1. 本科及以上学历，计算机和数学等相关专业
2. 精通python语言
3. 了解BERT及其变体等深度模型原理。
4. 了解NLP前沿领域技术，能够快速读懂英文论文，对论文中算法能够复现。
5. 有参与过项目开发或NLP算法比赛者优先
职位招聘2-4人"
自然语言处理算法实习工程师,北京·海淀区·西北旺,发布于03月24日,200-250元/天,4天/周3个月本科,百度在线,互联网已上市10000人以上,深度学习算法 Python C++ 机器学习算法,"参与搜索核心策略工作，基于海量网页数据，理解页面质量特征和结构特征
-具体方向包括不限于：
1）页面分析：以通用技术，从千亿量级网页中提取有价值的信息，对网页进行充分的结构理解；
2）语义质量：对网页进行语义质量建模，建设优质、低质识别能力，提升搜索体验；
职位要求：
-能够保持连续3个月以上的实习周期，工作日每周4-5天
-熟悉自然语言处理、机器学习、模式识别等常用算法，对自然语言处理方向有深入实践、对搜索业务有经验者优先
-熟练掌握C/C++/Python等语言，熟悉常用数据结构及算法
-具备良好的学习能力，能够跟进领域内最新技术研究成果，并结合应用场景快速实验和调优
-优秀的分析问题和解决问题的能力，对解决具有挑战性问题充满激情
-具备良好的团队合作精神和沟通意识"
CV算法实习生,北京·朝阳区·亚运村,发布于03月25日,250-350元/天,4天/周3个月本科,小红书,互联网D轮及以上1000-9999人,视觉图像算法 CV算法,"岗位要求：
1. 负责CV算法的设计、优化、研发，包括：图像分类、检测、人脸、OCR、美学/质量评估 etc.
2. 本科以上学历，计算机、电子、自动化优先
3. 解决问题能力强，良好的英文读写能力
4. 一周四天，连续实习3个月以上，可快速到岗"
推荐算法实习生,北京,发布于02月26日,200-210元/天,4天/周3个月本科,奇虎360,互联网已上市1000-9999人,深度学习算法 机器学习算法 GBDT,"1. 计算机，统计学，数学，通信相关专业
2. 对机器学习有浓厚的兴趣，
3. 对推荐业务有一定了解，使用过至少一个推荐产品
4. 对传统机器学习算法有一定了解，LR，GBDT，Kmeans等至少精通一种
5. 对前沿机器学习算法有浓厚的兴趣，有一定的深度学习框架使用者优先"
语音实习生,北京·海淀区·西直门,发布于04月08日,200-400元/天,4天/周3个月本科,出门问问,智能硬件D轮及以上500-999人,深度学习算法 语音算法 机器学习算法 C++,"岗位职责：
1. 参与/负责语音识别系统的维护与更新，根据具体的应用效果不断改进模型或算法
2. 参与/负责数据的获取、处理以及生成，用于具体应用的优化与更新
3. 参与To B项目，根据具体的项目提供相应算法或模型解决方案
4. 参与/配合算法组其他人跟踪业界新研究成果，并应用到实际项目中
5. 参与/配合实现相关AI平台的开发
任职要求：
1. 全日制（本科|硕士）及以上学历，计算机、通信等相关专业
2. 熟练使用C/C++或者Python编程语言
3. 熟悉常用的数据结构与算法，以及计算机体系结构相关知识
4. 掌握基本的机器学习知识，对统计模型有比较清晰的理解
5. 认真仔细，有较强的实践和解决问题的能力"
推荐算法工程师（技术平台）,北京,发布于03月16日,15-30K·14薪,在校/应届本科,一起教育科技,互联网已上市10000人以上,深度学习算法 算法设计 机器学习算法 Python,"工作内容：
1、负责业务推荐的开发和实现，优化推荐模型和策略；
2、根据海量用户行为的分析和挖掘，建立用户行为模型、提升用户体验；
3、通过机器学习、深度学习等相关算法来优化作业推荐业务各个环节模型，提升推荐效果；
4、追踪算法前沿技术，探索将新技术应用于实际业务。
岗位要求：
1、计算机相关专业，研究生及以上学历，国内外top名校优先；
2、熟悉 Linux 平台，熟悉 JAVA和Python ，有 Hadoop、Spark、Hive 等实践经验；
3、对常用机器学习算法有较强理论认识和一定的实践经验；
4、工作积极主动，具备良好的团队合作精神，较强的沟通和解决问题的能力；
5、期望通过AI技术改善现有教学系统，对参与中国教育的改进具有强烈的意愿优先。
职位招聘1-5人"
数据标注实习生,北京,发布于03月17日,150-300元/天,5天/周2个月本科,爱奇艺智能,智能硬件已上市1000-9999人,视觉图像算法 人工智能,"负责AI算法组数据标注相关内容，对图像进行标注及归纳整理
职位描述：
1.负责对项目中目标检测、图像分割等AI算法所需图像进行标注；
2.充分理解项目规则，保证标注数据的产出质量；
3.服从项目领导安排，保证标注数据的产出数量；
4.善于发现标注过程中存在的问题，并及时反馈，为AI项目做好数据支持。
职位要求：
1.本科及以上学历，熟悉常用图像标注软件；
2.良好的沟通理解能力，工作认真细致，能适应重复或者繁琐的数据标注工作；"
2021校招-算法工程师,北京·海淀区·西直门,发布于04月07日,12-24K·15薪,在校/应届本科,北京掌上先机,互联网C轮1000-9999人,C++ Python 分布式技术 Java C#,"工作职责：
1、根据公司的研发流程，负责业务系统核心模块的设计和开发工作；
2、承担部分新技术试验和研究，并应用到公司产品中；
3、解决开发中遇到的实际问题。
任职资格：
1、统招本科以上学历，参加过计算机领域相关的编程大赛（如 “蓝桥杯”、“ACM”、数学建模大赛）、在专业期刊发表文章或者有发明专利等优先考虑；
2、有扎实的数据结构和算法功底，需熟悉机器学习、数据挖掘、分布式计算中的一项或多项；
3、熟练使用至少一门脚本语言，如JAVA、C、C++、python等。
职位招聘15-40人"
初级引擎程序工程师,北京·朝阳区·望京,发布于03月03日,15-20K·14薪,在校/应届本科,云畅游戏,游戏已上市500-999人,C++ OpenGL Shader 游戏,"工作职责：
1、游戏中Shader的开发与效果优化
2、针对移动平台图形性能优化
3、各种3D软件的插件开发
4、各种图形算法与视觉效果的研究与实现
任职要求：
1、大学本科及以上学历, 计算机或者数学类相关专业优先；
2、具有良好的团队合作精神，积极主动，有较强的学习能力；
3、扎实的3D、数学知识，并能将其运用到渲染效果创作中；
4、熟悉AAA级游戏中常见的渲染技术，并对某一领域有深入理解，比如全局光照、粒子、材质表现、性能优化
5、熟悉主流必要的编程语言之一：C++/C#，至少熟悉DirectX、OpenGL、Metal或者Vulkan中的一种图形API，并有很较强的shader编写能力
6、有一定debug和性能分析能力
职位招聘1人"
camera画质调试工程师（应届生2020年）,北京·朝阳区·望京,发布于01月25日,9-14K,在校/应届本科,Ontim,计算机软件已上市500-999人,视觉图像算法 图形图像处理 camera,"岗位职责：
1、Camera测试:独立完成Camera效果测试，包括主观、客观。
2、标准和用例:根据客户需求和市场反馈以及Camera光学技术的更新完善测试用例，规范测试标准。
3、现场技术支持：协助Camera调试同事做相关现场测试。

任职要求：
1、计算机图像处理、计算机、电子、光学或相关专业本科及以上学历；
2、具有一定的光学系统、图像质量指标等相关基础知识；
3、对图像效果有一定的敏感度，有一定的审美标准，热爱摄影；
4、有camera图像质量调试或者测试经验者优先；
5、五官端正，形象好，有测试经验者优先；
6、执行力强、沟通力强、工作仔细认真、责任心强、为人正直。
职位招聘4人"
算法工程师(J12503),北京,发布于03月16日,18-35K·15薪,在校/应届本科,明略科技,互联网D轮及以上1000-9999人,深度学习算法 自然语言处理 算法设计 机器学习算法,"工作职责:
1、 负责大规模数据场景下的数据挖掘分析建模工作
2、 用机器学习或知识图谱等AI技术为行业提供解决方案
3、 根据业务需求，负责机器学习算法模型或知识推理规则的业务落地和挖掘价值实现
4、负责基础算法库、建模工具和建模框架的开发工作，不断对已有算法、工具和框架进行优化，提升数据挖掘效率
任职要求：
1、 熟悉常用机器学习、深度学习等数据挖掘技术，了解不同模型的特性，理解相关数据挖掘算法，并能熟练使用主流的开源数据挖掘工具
2、熟练使用Python、Java、C++中至少一种语言，有实际建模经验者优先
3、对相关会议期刊和开源组织有所了解，在自然语言处理、信息检索、深度学习、运筹优化等学术领域有所贡献为佳
职位招聘5-10人"
应届毕业生 8千底薪 奖金+提成+提供住宿,北京·朝阳区·大望路,发布于04月01日,8-12K,在校/应届本科,北京麦田房产,地产经纪/中介不需要融资10000人以上,C++ Python Java 数据采集 数据库开发,"就要毕业了，应届毕业生是欣喜、兴奋；还是苦恼、迷茫呢？
你会因为未来的不确定而举步维艰吗？
你会因为家人的不理解而放弃梦想吗？
你会因为自己的不清晰而举棋不定吗？
还是会坚定着走自己的路……
在这个时候，麦田房产校园招聘启动啦！
在这里：不用因为没有经验而不敢尝试房产销售行业！
麦田房产邀约您以销售管培生的角色进入销售行业，由麦田大学将你培养成为优秀的房产经纪专家！
【如何被培养？】
1、岗前培训：麦田讲师团队为您讲解房产经纪理论知识。
2、超级培训：麦田新人三个月内接受不间断的公开课和区域培训。
3、实战演练：麦田销售菁英带你近距离接触业务实战。
4、经验分享：麦田老麦与你共同分享经验，让你借鉴别人的成功秘诀。
5、工作氛围：麦田房产将是您校园生活的延续，因为这里拥有一群爱学习、爱团结、爱激情、爱梦想的伙伴！
【如何被重用？】
1、无空降兵：麦田为你提供一个公开、公平、透明，没有天花板的竞争平台。
2、快速晋升：麦田为你提供明确的晋升标准与创业平台。
3、领导支持：麦田上级全力以赴的付出与支持为你排除一切工作障碍。
4、价值体现：麦田业绩不是唯一标准，价值全面体现才是麦田菁英。
【优越的薪酬】
本科：底薪8000元+提成（30%-60%）
专科：底薪6500元+提成（30%-60%）
带薪培训+全套保险（五险+商保）+带薪年假+麦基金+月冠奖励+团队奖励 +小组业绩团奖（培训期满6个月次月后）= 全公司近10000名置业专家平均月薪10000元以上。
【 就近分配】
北京店面遍布北京（东起四惠，北到上地，西至西山，南达亦庄，70个区域，400多家门店），任您选择工作地点。
【面试流程】
电话沟通合适，线上视频初试，门店复试，通过即可参加带薪培训。
职位招聘20-30人"
C++研发工程师（有落户名额）,北京,发布于03月18日,15-30K,在校/应届本科,新奥特,计算机软件已上市1000-9999人,C++ 音视频编解码 图形图像处理 音视频开发,"岗位职责：
1、熟练掌握C++、Qt编程语言
2、有音视频业务相关项目经验优先
任职要求：
1、21届毕业生，本科以上学历，硕士学历优先
2、能接受偶尔出差
职位招聘3-5人"
算法实习生,北京·海淀区·上地,发布于03月30日,200-250元/天,3天/周3个月本科,神州信息,计算机软件已上市1000-9999人,深度学习算法 汉化,"工作职责:
-参与金融行业AI开发平台的研发
-参与AI开发平台的工程化、汉化实现
职责要求:
-计算机相关专业背景，本科学历
-喜欢代码编程，源代码解读能力强
-英语能力较好，通过国家英语六级考试优先"
嵌入式开发工程师,北京·海淀区·中关村,发布于04月01日,10-15K·14薪,在校/应届本科,大恒图像,计算机软件不需要融资500-999人,深度学习算法 算法设计 机器学习算法 C++,"岗位要求：
1、电子、通信、自动化、计算机等相关专业，硕士学历，优秀本科亦可考虑；
2、熟练掌握C/C++/Python开发语言，具有良好的编程习惯；
3、熟悉Linux系统环境及常用指令；
4、具有ARM Linux应用软件的开发经验；
5、具有机器学习、深度学习基础和研发经验；
6、具备团队合作精神，有责任心，能够在压力下独立工作；
7、了解至少一种深度学习模型搭建工具（TensorFlow/Keras/PyTorch）者优先；
岗位职责：
1.负责相机视觉应用程序开发；
2.将相关AI算法在实际项目中落地；
3.参与算法平台搭建与模型训练；
职位招聘2-5人"
算法工程师(实习),北京·海淀区·西三旗,发布于03月09日,150-300元/天,4天/周3个月本科,饿了么,O2O不需要融资10000人以上,深度学习算法 搜索算法 广告算法 机器学习算法,"阿里本地生活-算法方向-实习生招聘
岗位部门：商业推广事业部
岗位名称：算法工程师
岗位职责：
1、负责阿里本地生活LBS场景定向广告中的DMP建设、广告受众建模、人群lookalike等；
2、负责到家、到店、整合营销等广告场景的业务探索和创新，在商户增长和流量效率两个方面共同提效，提升广告消耗；
3、负责文本创意中心建设工作，支持短信、push、广告会场等营销场景提效；
4、跟进业界技术发展，结合本地生活的业务特点，打造业界领先的算法和架构系统。
任职条件：
1、良好的团队合作精神和沟通能力；积极、主动、有高度的责任心；
3、工作踏实认真，具备优秀的逻辑思维能力，善于思考
4、有扎实的机器学习、模式识别、深度学习、NLP等理论基础
5、熟悉深度学习相关算法或者开源框架如 Tensorflow优先，有自然语言处理，机器学习、人工智能项目经验或者相关领域论文者优先
6、有一定编程能力，良好的英文文献阅读理解能力；
7，毕业时间：2021.11～2022.10
实习地点北京、上海、杭州均可，实习时间尽量不少于3个月，实习期过能力达标者有机会直接转正。"
路径规划&控制算法工程师,北京·海淀区·中关村,发布于05月29日,20-40K·14薪,在校/应届本科,上海高仙,智能硬件C轮500-999人,Matlab C++,"岗位职责：
1、将机器人自动驾驶算法、机器人控制算法等相关技术应用到实际产品中；
2、对现有产品的性能和架构进行改进以及新技术的研究与应用。
职位要求：
1、本科以上学历，计算机、控制、自动化等相关专业；
2、熟练掌握 C++及 STL；
3、熟悉 Linux 编程，了解操作系统的基本原理；
4、熟悉面向对象基本思想、了解常用设计模式；
5、善于编写可靠的高质量代码，善于编写内容丰富的文档；
6、工作细致，思维严谨，具有良好的表达能力、团队合作能力，具有较强的抗压能力。
加分项
1、熟悉状态机设计，熟悉 ROS；
2、有丰富的Planning&Control算法经验；
3、有非常好的工程能力和工程经验。"
图像算法工程师,北京·大兴区·马驹桥,发布于04月09日,10-15K,在校/应届本科,金风科技,计算机软件已上市1000-9999人,视觉图像算法 深度学习算法 Python 图像处理,"1、负责图像算法在实际业务中落地；
2、沟通业务需求，把实际需求转化为算法可解决的问题，搭建、训练及部署模型；
3、根据模型线上运行情况，更新迭代模型，提升模型性能。
要求
1、计算机相关专业，本科及以上学历（硕士优先）；
2、了解OpenCV等图像处理工具；
3、了解图像分类、目标检测、OCR、人脸识别等任务主流算法，包括但不限于Resnet，Faster-rcnn，SSD，Yolo等；
4、掌握python，熟练使用tensorflow、pytorch、MXNet等至少一种深度学习框架（掌握Django框架等后端基础知识者优先）；
职位招聘1-2人"
语音识别算法实习生,北京,发布于12月23日,150-200元/天,4天/周3个月本科,仙豆智能,互联网不需要融资500-999人,语音算法 深度学习算法 自然语言处理,"专业要求：计算机、通信、数学等相关专业
实习时间：实习时间最少3个月，每周4个工作日及以上
地点：北京
工作职责:
-参与语音识别声学模型相关算法的研究与开发；
-参与语音技术及产品相关的研发工作 (唤醒词、关键词识别、连续语音识别等)
-探索行业领先的研究成果，并将之用于产品和技术升级开发的实际过程中
任职要求:
-数学、计算机信号处理、通信工程相关专业硕士或博士；
-熟悉语音识别基本的算法和框架，满足以下至少一项者优先：
-熟悉语音识别常用算法框架 (如HMM，CTC，chain，LAS等)；
-熟悉常用开源工具，如Kaldi，CNTK，Paddle，caffe等；
-熟悉语音识别声学模型常用神经网络，如DNN，CNN，LSTM，BLSTM等；
-熟悉语音识别解码器基础算法，如Beam search，Token Passing等；
-熟悉C++/C/Python/Shell编程；
-有良好的理解、沟通和逻辑分析能力；
-学习能力强，积极主动，注重细节，做事耐心"
深度学习(实习),北京·海淀区·上地,发布于02月02日,300-500元/天,4天/周3个月本科,华为,计算机软件不需要融资10000人以上,深度学习算法 视觉图像算法 机器学习算法 人工智能,"目标对象：毕业时间在 2021-11-01 以后的海内外高校在读硕博，成绩优异，具有扎实的计算机视觉算法基础，动手能力强， 具备论文写作的能力；对华为的业务场景拥有浓厚兴趣。
1． 计算机相关专业硕士或博士，对机器学习及深度学习技术在视觉系统中的应用有研究兴趣，希望发表相关的顶会论文;
2． 熟练应用tensorflow/pytorch等深度学习框架，并能快速实现和调试自定义算法，有领域相关竞赛获奖可加分；
3． 加分项：有相关领域顶会（ICML/NIPS/ICLR/ICCV/CVPR/ECCV/...）论文发表经验者优先。
团队是华为旗下顶级人工智能研发团队，专注于计算机视觉、机器学习和深度学习等领域的技术研发，依托多年积累的技术经验与前沿技术探索，通过云+端的产品和行业解决方案，有效地解决各类业务问题。
实验室成员多数来自于清华、北大、中科院、浙大等顶级高校的博士、硕士，在CVPR，ECCV，ICCV，PAMI，AAAI，IJCAI等顶级会议期刊上发表过诸多论文，先后申请了近百项专利，具有深厚的学术研究背景和良好的工程实践能力。"
语音算法工程师(实习),北京·海淀区·中关村,发布于11月12日,150-200元/天,3天/周3个月本科,汽车之家,互联网已上市1000-9999人,人工智能 深度学习算法 TTS ASR 语音识别,"职责描述：
前端降噪/ASR/TTS系统的算法研究与开发。
任职要求：
1、Python/shell/C/C++/Java至少会一种，熟悉Linux平台；
2、有语音信号处理相关经验；
3、有机器学习/深度学习相关经验。"
人工智能讲师(实习),北京,发布于03月18日,150-200元/天,5天/周6个月本科,旷视MEGVII,计算机服务D轮及以上1000-9999人,深度学习算法 视觉图像算法 Python C++,"深度学习教学实习生
岗位职责：
1. 在研究院AI高级研究员的指导下熟悉旷视深度学习流程；
2. 协助AI高级研究员进行深度学习课程的设计与迭代；
3. 参与旷视研究院技术、学术、工程实践等方面的研讨、演讲、培训，不断提升技术水平、教学能力。
岗位要求：
1. 细致耐心，一周到岗4天以上。
1. 在机器学习、深度学习、计算机视觉、人工智能等相关领域有一定基础，本硕均可；
2. 熟练使用一种或多种编程语言，如Python、C/C++、Java，有较强的算法和数据结构功底 ；
3. 良好的自我驱动能力、学习能力，对工作认真负责，踏实可靠；
4. 良好的语言逻辑表达能力与文档、ppt撰写能力；
5. 有教育理想愿意把自身经验技术传播给更多的人。"
name,address,update,wage,degree,company,company_info,tag,detail
算法工程师（北京校招）,北京·海淀区·北太平庄,发布于03月15日,15-20K,在校/应届本科,中华会计网校,在线教育不需要融资1000-9999人,深度学习算法 机器学习算法 Java 分布式技术,"岗位职责：
1、负责个性化推荐系统整体算法策略的设计与实现；
2、负责推荐线上排序系统的效果优化与迭代；
3、参与大规模分布式机器学习训练打分系统的探索与实现。
任职要求：
1、2020-2021届本科/硕士应届生，计算机相关专业；
2、熟悉Windows、Linux操作系统的维护操作；
3、了解Java，或C/C 语言及相关开发工具；
4、人品端正，能吃苦耐劳，踏实工作；
5、具有较强的团队合作精神，责任心强。
职位招聘1-5人"
机器学习平台开发实习生,北京·朝阳区·望京,发布于12月07日,250-350元/天,4天/周3个月本科,Mobvista,移动互联网已上市500-999人,c++ 后端,"我们是Mobvista机器学习平台工程研发团队，负责Mobvista集团的分布式机器学习训练、在线高性能模型预测等相关的平台工程建设。这里有百亿级的用户数据，十亿级的日活用户，和每天数百亿的在线广告精准定向请求。在这里你能够深度参与到大规模机器学习工程的研发工作中，驱动广告核心业务持续增长。
岗位职责：
1、负责公司的计算广告机器学习平台的工程开发；
2、负责高性能、大规模的集群分布式计算，包括但不限于集群资源调度、离线和流式计算、分布式机器学习框架和在线预测服务等核心技术的研发、调优；
3、服务公司效果广告算法等核心业务线。
任职资格：
1. 熟悉Linux编程环境，有良好的至少一门语言 (C++、Python、Java) 开发调试经验；
2. 有常用机器学习框架上手经验，如TensorFlow、MXNet、PyTorch、XGBoost等；
3. 对大数据开发相关技术，如hadoop、spark等有了解；
4. 思维敏捷，有较强的钻研学习能力，较好的沟通能力、团队合作 。"
算法工程师-实习生,北京·朝阳区·鸟巢,发布于03月09日,300-310元/天,4天/周4个月本科,京东集团,电子商务已上市10000人以上,自然语言处理 深度学习算法 Python C++,"工作内容：
1. 京东主搜十亿级商品召回、排序、NLP相关性、图像等算法的实现与优化
2. 搭建搜索算法应用平台
3. 通过对数据的分析、算法的优化，改进搜索用户体验、提升业务发展效率
岗位要求：
1. 计算机、数学、软件工程或相关专业。
2. 熟悉C++、Python等流行编程语言，编程能力强。
3. 具备扎实的数学、数据结构、算法基本功，具备优秀的学习能力。
4. 有扎实的c++基础优先（这个最加分，最好精通c语言），有acm比赛获奖优先，有搜索、推荐、广告经验优先，对深度文本匹配模型熟悉或有深度学习算法经验优先。"
图像算法工程师(实习),北京·海淀区·紫竹桥,发布于03月22日,120-180元/天,4天/周3个月本科,易车,互联网已上市1000-9999人,视觉图像算法 深度学习算法 Python 人工智能,"1. 人脸检测识别
2. OCR
3. 行人检测
4. 多目标跟踪
5. 图像识别服务开发与部署"
图像实习生,北京·朝阳区·望京,发布于03月26日,200-250元/天,5天/周3个月本科,北京新氧万维,互联网已上市1000-9999人,视觉图像算法 C++ Python 图像处理 人脸识别,"岗位职责：
1、协助或独立进行人脸识别、图像语义分割、图像生成、目标检测定位等视觉算法模型研发。
2、关注行业技术发展动态，前沿技术调研、应用创新。
3、团队工作协作及部门安排的其他工作。
任职要求：
1、掌握数字图像处理相关知识，图像、计算机、数学、通信、测绘、遥感、仿真等与图像方向相关的理工科专业。
2、本科以上学历。
3、熟练使用python、c/c++等经程语言的一种，熟悉linux常见操作。
4、熟悉图像编程，熟悉opencv，pytorch，TensorFlow等框架。
5、有神经网络优化、模型加速、深度学习框架应用实践，或概率论、高数、线性代数、数理统计能力者突出者优先考虑。
6、执行力强，效率高，有团队协作精神及大局观，积极乐观，有抗压能力。"
软件工程师-自然语言处理方向,北京·朝阳区·安贞,发布于03月22日,15-25K·18薪,在校/应届本科,龙湖集团,工程施工已上市10000人以上,自然语言处理 深度学习算法 搜索算法,"工作职责：
1、研发NLP基础词句、篇章语法与语义分析算法，包括但不限于分词、词性标注、命名实体识别、依存分析、语义角色标注、情感分析、主题模型等；
2、运用NLP与机器学习算法开发文本挖掘、信息抽取、预测分析、阅读理解等高级功能；
3、运用NLP与机器学习算法领域相关项目开发，如对话系统、检索系统、知识图谱等，并根据不同的产品属性进行算法的优化；
4、NLP前沿算法跟进与研发。
任职要求：
1、本科及以上学历， 计算机、软件工程、机器学习、应用数学、模式识别、人工智能等相关专业；
2、热爱计算机科学和开发技术，对算法有浓厚兴趣；
3、有NLP中的文本分类、信息抽取等任务经验；
4、熟悉深度学习基础知识和NLP领域经典网络模型；
5、有学术比赛经验以及发表过顶会论文者优先。
培养计划：
龙湖数字科技（digital technology）仕官生是龙湖仕官生招聘的新成员。随着龙湖数字科技的成长成熟，越来越多国内外精英学子成为龙湖仕官生，在龙湖广泛的应用场景中磨炼本领、快速成长。从业务一线到数据支撑决策，从客户洞察、数据赋能到空间制造和管理，龙湖数字科技不仅仅为其仕官生提供丰富的应用场景、广阔的成长空间、完善的培养体系，更旨在将仕官生培养成为业内最为璀璨的数字化人才。"
多模态算法研究员,北京·海淀区·五道口,发布于04月12日,20-35K·15薪,在校/应届本科,搜狗,互联网已上市1000-9999人,深度学习算法 自然语言处理 视觉图像算法,"工作职责：
1. 负责多模态内容理解、图像理解以及nlp相关的工作，应用图像和nlp技术，提升搜索的效果和体验；
2. 负责包括但不限于大规模预训练模型、用户数据挖掘、网页质量评估、embedding抽取，持续优化并时刻保持技术先进性，将业界SOTA模型落地并改进以获取业务线上收益；
3. 紧密关注相关领域业界的最新进展，并负责在在搜索业务的落地应用。
任职要求：
1、计算机相关专业，扎实的编程基础，熟练使用python和c++；熟悉深度学习训练平台，如pytorch、tensorflow；熟悉深度学习模型加速框架，如tensorRT。
2、熟悉常见的CV或NLP深度学习模型及其应用方法，如CNN、RNN、LSTM、transformer；熟悉NLP或CV预训练方法和模型、紧跟NLP前沿技术。
3、精通图像或NLP算法领域基础知识并在至少一个领域有深入研究和落地经验，包括但不仅限于图像分类、目标检测、人脸识别、文本语义计算、实体识别、文本分类、机器翻译算法等；
4、熟悉大规模分布式训练框架，如deepspeed、Megatron-LM优先。
5、具备较强的分析能力，能够结合业务场景快速建模和设计算法，分析算法的不足并提出解决方案。
职位招聘1-3人"
医疗文本NLP实习生,北京·海淀区·牡丹园,发布于03月26日,200-240元/天,4天/周3个月本科,医渡云,互联网已上市1000-9999人,自然语言处理 Python,"NLP方向实习生
岗位描述
在指导下参与医疗文本数据处理、NLP问题建模与实验。
需求
1. 必须：计算机相关专业本科高年级或研究生，每周4天以上参与实习工作，至少持续3个月。要求能够来公司（北京）现场实习。
2. 必须：至少掌握NLP领域BERT模型的原理和使用方法，有使用中文BERT搭建实验的实际经验。
3. 必须：具备Python开发调试能力，掌握正则表达式。具备根据问题设计实现程序的能力，在校学习期间可以独立完成算法、数据结构、程序设计类课程大作业
4. 必须：良好的论文阅读能力，具备学习新知识的意愿和能力。
5. 加分项：
a) Github/stackoverflow/知乎/CSDN 等社区或公开活动的代码项目或发表的文章
b) 熟悉Linux shell环境常用操作
c) 掌握Hadoop/HIVE/SPARK的原理和使用
d) git使用经验
e) 掌握常见统计机器学习算法"
自然语言处理实习生,北京,发布于03月08日,200-250元/天,4天/周3个月本科,映客直播,移动互联网已上市1000-9999人,深度学习算法 推荐算法,"岗位职责:
1、结合特征工程和深度学习技术进行文本挖掘；
2、自然语言模型预训练和微调；
3、深度学习系统的调试调参和模型架构创新。
任职要求:
1、研究生及以上统计、数学、计算机等相关专业学历，至少能实习3个月以上，表现优秀offer优先；
2、有深度学习框架的使用经验，包括Tensorflow和Pytorch
4、对Transformer等最新神经网络架构有深入了解，发表过NLP、深度学习相关论文者优先
5、有NLP实习经验优先"
阿里妈妈广告算法工程师,北京·朝阳区·望京,发布于03月23日,26-35K·16薪,在校/应届本科,阿里巴巴公司,电子商务已上市10000人以上,深度学习算法 广告算法 推荐算法 搜索算法 C++,"工作职责
1.负责广告系统中推荐、机制、博弈、拍卖的算法创新。
2.帮助商家完成全领域营销。
3.支撑阿里定向广告收入的高速增长。
职位描述
1.计算机、数学、电子工程、通信、人工智能等相关专业。
2.熟悉常用的机器学习算法，对算法原理有较深理解。
3.对技术有强烈的兴趣，关注前沿技术，善钻研，具有良好的学习、沟通能力；
4.具备良好的沟通协作能力、较强责任感和持续的自驱力。
团队介绍
团队有丰富的业务场景，业务规模加速发展中。全技术栈都有深入发展空间，团队有定期的技术分享，技术成果能持续沉淀为顶会论文。渴求不同特性的同学加入到我们的大团队中，共同进行工程实践、业务实践、算法实践，驱动商业新发展。
职位招聘5-8人"
视频研发工程师(实习),北京·海淀区·北下关,发布于01月05日,120-170元/天,4天/周4个月本科,经纬公司(铁科院),交通/运输已上市10000人以上,流媒体技术 音视频开发 图形图像处理 C++ Java,"1、开展视频智能分析产品的试验。
2、部署调试视频监控系统软件。
3、配合现场实施提供远程技术支持。
4、完成科研课题的相关原型系统研发、试验，编写相关技术报告。"
算法工程师（实习生）,北京·海淀区·人民大学,发布于04月12日,150-200元/天,4天/周3个月本科,北京趣拿科技有限公司,互联网不需要融资1000-9999人,深度学习算法,"工作职责:
1、参与搜索排序、广告策略前沿算法的研究与系统开发
2、通过数据、算法分析挖掘业务潜在提升点
任职资格：
1、本科及以上学历，计算机、数学等相关专业
2、至少熟悉Python，Java中一门编程语言
3、熟悉深度学习算法，能熟练使用Tensorflow
4、具有快速的学习能力
5、具有较强的文献收集能力，有良好的英文阅读能力，有顶会（刊）论文者优先"
算法工程师(实习),北京·东城区·和平里,发布于02月18日,200-300元/天,4天/周3个月本科,鹏博士,通信/网络设备已上市10000人以上,深度学习算法 金融 视觉图像算法 Python,"深度学习，金融领域、音视频、图像等等都可以。最好能够是是985/211院校或海外知名院校，算法/数学/编程水平好的同学可以进行条件上的放宽。
每周工作时间可以调整，可以远程办公或者是公司办公。
可以转正。"
算法实习生,北京·朝阳区·三元桥,发布于03月30日,300-400元/天,5天/周3个月本科,诺信创联,医疗健康C轮500-999人,机器学习算法 Python SQL 数据挖掘 数据开发,"1、深入业务场景，利用全站多维数据，综合运用统计和数据挖掘/机器学习的方法，探索平台新的业务增长点，为各类业务系统提供特征和模型支撑
2、深度参与归因分析、异常检测等专题类建设工作。
职位要求：
1、统招本科或以上学历，数学，统计，计算机相关专业，硕士生优先；
2、具有较好的算法基础，灵活使用Python/SQL；
3、正直诚信、有责任感、工作积极、善于沟通，有独立探索解决问题的能力。"
算法工程师(实习),北京·朝阳区·呼家楼,发布于03月09日,150-300元/天,4天/周3个月本科,阿里巴巴,互联网C轮10000人以上,Java 深度学习算法 推荐算法 视觉图像算法,"内推联系方式 *****
我们团队是做算法，有想做算法的同学可以直接联系我，部门同时其他岗位也都有 HC 可以推荐。
以下为 template
[蚂蚁集团-蚂蚁保险] 春招正式开放！ Java 、前端、算法、测试，岗位多多，真·海量 HC ！
-- 我们是谁 --
我们是蚂蚁保险事业群，是蚂蚁集团的下一代增长发动机。我们拥有相互宝，智能理赔大脑等等业界领先产品，业务同时涵盖了人身险、财险等多个险种领域。作为保险行业革新的引领者，我们致力于通过智能技术解决行业痛点问题，努力通过技术革新为世界带来小而美的改变。
-- 为什么选择我们 --
机遇挑战多：在这里，你能接触到业界最前沿的技术，最丰富的业务场景，最完备的基础设施，以技术创新为业务赋能，机会无处不在，互联网保险的蓝海，等你来挑战！
HC 额度足：一对一推荐，真·海量 HC （超多超多超多）！业务发展很快，所以贼缺人，面试标准没其他 BU 那么难。只要你足够优秀，就算招聘只剩最后一天我们也为你占到坑位！
转正几率大：往年实习生接近全部转正！
团队氛围好：我们有来自中科大、复旦、南大、浙大、华东师范等等高校的学长学姐，亲自带你 landing ！我们有丰富多彩的团建活动：聚餐，k 歌，射箭，冰壶，皮划艇~我们的宗旨是：既要快乐工作，也要认真生活！"
AI算法实习生,北京,发布于10月17日,260-500元/天,3天/周3个月本科,中国电信北研院,通信/网络设备不需要融资1000-9999人,视觉图像算法 自然语言处理 Python TensorFlow,"招聘对象：在校学生，可远程实习。
只要有能力并对AI感兴趣，我们都十分欢迎你。
你能得到什么：
1、工作：可观的薪水、全面的福利，优质的办公环境下，丰富的AI项目等着你，满满的实践工作经验等你来获取，优秀的应届同学可解决户口；
2、通勤：班车遍布北京，涉及各大高校，方便又快捷，不用为上下班的通勤而烦恼；
3、生活：自助餐厅美食任你吃，健身房设备齐全环境好，运动场散步打球都可以，助你劳逸结合身心全面发展。
你来做什么:
在模型压缩与量化、目标检测与追踪、自然语言处理与对话系统等领域进行研发；
你需要具备什么:
1、具备扎实的C++和Python编程能力；熟悉Linux开发环境，掌握git或SVN等工具；
2、对以下任一方向有实际项目经验：人脸识别，目标检测，图像分割，图像超分辨率；
3、对深度学习有着自己较深的理解，对模型量化、压缩有一定研究。熟练掌握Tensorflow、PyTorch、Keras等深度学习框架的其中一种，掌握onnx，ncnn等模型转换能力的更佳；
4、具备扎实的数理基础与英文科技文献阅读能力；
5、具备独立的工作能力同时能与团队融洽合作相处，能够做到严谨、乐观、乐于奉献。
加分项：
Kaggle等比赛成绩优异；
有实际成果并发表在国际顶级会议、期刊；
有在国际权威数据集上提交过结果并取得优异成绩；"
腾讯PCG大搜算法实习生,北京·海淀区·西北旺,发布于03月09日,400-800元/天,4天/周3个月本科,腾讯,互联网已上市10000人以上,深度学习算法 自然语言处理 搜索算法 Python,"[岗位名称] 腾讯PCG大搜 实习生
[团队介绍]：亿级日活搜索业务的核心算法团队，负责复杂场景下的搜索排序。
[岗位职责]
负责搜索全流程的持续优化，包含query理解、召回、排序等工作
[岗位要求]
有nlp、搜索引擎、推荐系统或广告系统相关经验；
熟悉机器学习/数据挖掘/信息检索/深度学习/神经网络的算法原理；
熟悉GBDT/LTR等排序算法以及BERT/ESIM/DSSM/Wide&Deep/等深度模型，有TensorFlow开发经验者优先；
熟悉自然语言处理的常见算法原理；
熟悉C++、Python、Scala、Java等编程语言（一项或多项）；"
图像识别(实习),北京·海淀区·马连洼,发布于11月23日,150-200元/天,4天/周2个月本科,滴滴出行,移动互联网D轮及以上1000-9999人,视觉图像算法 嵌入式技术 深度学习算法 C++,"1. 依托桔视海量数据，进行adas算法迭代
2. 能够根据产品需求进行算法设计和优化
3. 计算机视觉算法在实际应用领域的性能优化
4. 熟练掌握计算机视觉和图像处理的基本算法
5. 有有Android客户端或者手机/嵌入式开发经验者优先"
算法工程师（2021应届）,北京·海淀区·人民大学,发布于03月31日,15-20K·16薪,在校/应届本科,途家网,互联网D轮及以上500-999人,深度学习算法 视觉图像算法 自然语言处理 算法设计,"职位描述：
1、参与图片相似度、图片质量分、图片判重等相关项目的建模与工程落地；
2、参与相似房屋匹配算法的优化，结合业务需求持续改进模型性能；
3、参与图像算法模型的优化迭代，提升算法效率。
职位要求：
1、本科及以上学历，计算机、机器学习、图像算法等相关专业；
2、理解机器学习基本原理，熟悉TensorFlow/PyTorch/MXNet一个或者多个深度学习框架；
3、有较强的编码实现能力，熟练掌握Python/Java/C++一门编程语言，熟悉Linux开发；
4、熟悉基于深度学习的物体检测/识别/分割相关算法，有图片相似度、图片质量分、图片判重、图像目标检测项目经验；
5、有对话问答系统、知识图谱、内容理解等NLP相关项目经验优先。
职位招聘1人"
语音识别算法工程师,北京·朝阳区·望京,发布于10月21日,10-15K·16薪,在校/应届本科,陌陌,移动互联网已上市1000-9999人,语音算法 深度学习算法 Python,"岗位职责：
1、 负责语音识别等相关算法的研究和产品开发，包括语音前端处理/声学模型/语言模型等；
2、 负责音频信号处理等相关算法的研究和产品开发，包括语音合成/语音增强/音频内容分析/音乐检索等；
3、 负责深度学习在语音识别/音频信号处理等方向的前沿技术探索研究。
岗位要求：
1、 2021年应届毕业生，熟悉语音识别/音频信号处理等相关算法和应用，有声学背景知识，WFST实现和优化经验者优先；
2、 良好的算法实现和工程能力，熟练掌握C/C++、Python等至少一门语言；
3、 在模式识别等国际顶级会议，有学术论文发表者优先，相关权威比赛优异成绩者优先。"
音视频处理工程师,北京·朝阳区·望京,发布于03月25日,15-30K,在校/应届本科,一点资讯,移动互联网D轮及以上500-999人,音视频编解码 流媒体技术 数据结构 Python Java,"工作职责：
1、负责内容中台视频直播、视频转码、直播编解码等视频相关设计与研发工作；
2、解决视频、流媒体技术中的遇到的难点与关键问题；
3、主动学习及研究网络视频通信的应用创新与技术实现；
岗位要求：
1、有一定的音视频相关技术的基础；
2、熟悉Linux平台，熟练掌握C/Java/Python等至少一种编程语言，对数据结构和算法设计有较为深刻的理解；
3、熟悉FFmpeg的使用和二次开发；
4、熟悉MP4、Flv、m3u8、ts等文件格式的解析；
5、熟悉RTMP、RTP、RTCP、RTSP、HLS等流媒体协议；
加分项
1、满足以下一种技术栈, 满足两项优先考虑
1）熟悉RTMP/HTTP/TCP/等网络通信协议,有Socket网络编程经验
2）熟悉H5上的音视频的播放和处理,对WebGL有一定了解
3）熟悉Android/iOS上的音视频的播放和处理,对OpenGL有一定了解
2、对视频缩放和裁剪和滤镜处理有丰富经验者优先
职位招聘2-5人"
视觉感知算法工程师 实习生,北京·海淀区·五道口,发布于昨天,300-600元/天,4天/周5个月本科,魔门塔科技,计算机软件C轮500-999人,深度学习算法 Python PyTorch TensorFlow,"核心诱惑：
了解完全无人驾驶工作流程，了解量产无人驾驶L3与完全无人驾驶L4如何落地。
岗位职责：
1.检测，分类等模块的设计与实现，follow学术界最新进展。爆火的transformer我们已经用上了。
2.根据业务最新要求，设计实验，完成实验，优秀成果可集成部署在自动驾驶车上进行路测。
岗位要求：
1. 熟练使用Python，能基于Pytorch或者Tensorflow快速搭建实验，验证核心假设。
2. 对数据敏感，能分析数据中的问题，能根据badcase分析模型问题。
福利:免费三餐，健身房。高时薪:30/h*绩效(1-2.5)
1、团队成员背景介绍：
我们是Momenta L4 Perception团队。
团队成员来自清华、中科院、中科大、浙大、武大、北航等名校硕博士，在计算机视觉和机器人顶会顶刊上有较多发表研究工作的经验和成果；
研究方向和技术背景丰富，涉及视觉、Lidar、4D Radar和多传感器融合。技术点包括检测、分割、跟踪、时序识别 等，深度学习经验丰富，同时会涉及加速部署等工程方向；
团队成员曾获得过多项国内外重要比赛冠军，如 COCO Panoptic Segmentation Challenge、COCO Keypoint Challenge 等。
2、具体研究方向：
2.1 视觉感知的研究方向：
- 自动化3D真值标注；
- 视觉3D算法研发；
- 基于多相机的障碍物位置、速度估计算法研发；
- 红绿灯检测、跟踪和时序识别，包含有高精地图方案和无地图方案，夜间方案。
2.2 Lidar感知研究方向：
- 数据获取及标注优化，自动化标注平台研发；
- Lidar 3d 检测、分割、跟踪；
- 模型加速、量化等部署上的工程优化。
2.3 4D Radar研究方向：
- 基于Radar多普勒Tensor开发基于深度学习的目标检测和跟踪算法。
2.4 多传感器融合研究方向：
- 基于深度学习的，相机、Radar、Lidar的通用融合算法研发；
- 负责公司多个量产项目的多传感器感知方案交付。
3、发展前景和培养机制
3.1 发展前景：
跟踪学术前沿，与学术大牛一起工作，面对面地思想碰撞；
深入了解自动驾驶Perception算法的落地场景及核心问题，了解工业界Perception的研发pipeline及发展方向。
鼓励团队成员思考自动驾驶本质需求、提出新的观点和做法。
3.2 培养机制：
大牛导师：一对一导师（Mentor）制和自动驾驶领域多位研发专家的双重指导；
挑战难题：直接参与Momenta富有挑战性的核心项目，配置人工智能平台海量数据及数千块GPU资源，解决独具中国特色的真实场景道路难题；
PaperReading及技术分享：小组内定期的论文讲解及深入学习。"
算法实习生,北京·海淀区·马连洼,发布于03月30日,200-300元/天,3天/周3个月本科,滴滴,移动互联网D轮及以上1000-9999人,机器学习算法 深度学习算法 Python Go,"一、网约车策略与技术部介绍：
网约车策略与技术部致力于将大数据和人工智能技术应用于出行场景，通过不断挑战世界级难题，持续探索和拓展技术边界，引领科技变革，重塑用户出行方式，让用户的出行更加安全、舒适、便捷和高效。 构建了世界最大的智能调度和拼车平台， 提升出行效率和体验； 打造了智能价格体系，优化乘客价格体验，保障司机收入，加速出行行业的价格市场化；探索并实践公平合理的司乘规则，对司机和乘客的行为进行正向引导，营造良好的司乘生态； 挖掘海量数据，洞察用户需求，拓展业务空间，树立数据驱动的实践典范。
二、 招聘岗位
算法工程师
三、岗位职责：
1. 以数据驱动的方式，应用机器学习／运筹学等技术提高交易引擎效率及平台用户体验；
2. 参与公司交易引擎策略设计，包括运力调度 / 司机热力图 等核心算法的设计与开发；
3. 负责结合业务需求，基于人工智能算法进行建模和适配的工作，以获得业务产出、内部专利、论文发表等。
四、任职资格：
1. 计算机／控制／EE／数学等相关专业本科以上学历；
2. 优秀的算法／模型/数据分析 基础；有运筹学／强化学习／在线学习 等背景优先考虑；
3. 良好的Python/golang等工程实现能力；
4. 扎实的数学基础，包括概率／统计／代数 / 优化等；
5. 思维严谨，逻辑清晰；自驱、乐观、团队合作精神"
算法开发-22届暑期实习,北京·朝阳区·望京,发布于17:37,300-350元/天,5天/周2个月本科,阿里巴巴集团,互联网已上市10000人以上,数据分析 深度学习算法 视觉图像算法 自然语言处理,"1. 我们是谁？
这里是阿里巴巴北京&杭州，数字供应链团队。
我们专注于国际化供应链的发展，在这里你可以与来自海外的业务方进行沟通，运用互联网创新技术、大数据和人工智能技术，帮助运营海外电商产品。未来我们将担负起整合社会化供应链资源，持续解决产业痛点，服务全球20亿消费者，1000万中小企业的重任。交易链路应用，目前沉淀了面向物流服务和运营的FaaS架构，平台架构和治理 200W＋ QPS，10K+机器，长期承担中台稳定性保障重担兼具业务架构、平台架构治理和高并发稳定性治理的挑战。
2. 这里有什么？
来自全球的技术大牛手把手教你编程的艺术，隔三差五的技术分享帮助你快速成长，每周组织体育活动关注你的身体健康，众多海外出差机会让你体验异国风情。和有梦想的人一起做有意义的事。
3. 我们需要你有什么？
a. 不断学习成长的能力，不怕挫折的信念；
b. 有开阔的视野以及挑战国际化场景的信心；
c. 有护照，因为需要出国出(lv)差(you)；
d. 是相关职位所规定的相关专业背景的22年应届本硕博；
4. 招收岗位
产品/UED/前端/算法/后端研发/数据分析实习生。（ps）如果需要其他岗位也可以联系帮助内推。"
视觉技术部_算法实习生（工业视觉方向）,北京·海淀区·西北旺,发布于14:12,200-250元/天,4天/周3个月本科,百度,互联网已上市10000人以上,深度学习算法 视觉图像算法 机器学习算法 C++,"工作职责:
-负责百度计算机视觉相关算法、技术与系统研发，协助改进产品，落地算法应用 ；
-研发方向包括但不限于：智能质检、智能巡检、工业安全、异常检测、行为分析、基础视觉算法研究（包含不限于图像分类、检测、分割、人体关键点、姿态行为分析、自监督学习、多模态图像/视频理解）等；
-负责相关算法技术落地工作，以行业领先为目标，满足业务产品使用规模化需求，影响千万客户并创造实用价值 ；
职位要求:
-掌握计算机视觉和图像处理基本算法、常用深度学习算法，并在如下一个或多个相关方向有深入研究：目标检测、语义/实例分割、异常检测、行为分析，模型压缩、自监督学习、多模态理解等；
-熟练掌握机器学习基本算法，如分类、回归、聚类、概率模型等； -熟悉掌握C/C++、脚本语言编程(如Python等)、常用深度学习框架（例如：Caffe, Pytorch, TensorFlow, PaddlePaddle）；
-具有良好的沟通能力，和良好的团队合作精神；
-在国际顶会或期刊（例如：CVPR, ICCV, ECCV, NIPS, ICML, AAAI, TPAMI, IJCV等）发表过论文或在国际知名视觉竞赛中获得优异成绩者优先。；
-能够保证每周实习时间至少4天；"
推荐算法工程师(实习),北京·海淀区·上地,发布于04月04日,200-400元/天,3天/周3个月本科,快手,社交网络已上市10000人以上,深度学习算法 机器学习算法 Python C++,"1、参与快手等业务信息流、相关性模型和特征优化；
2、实际的线上系统可供验证想法，实习阶段也有机会把想法推动上线，影响数亿用户的体验。
任职要求
1、2021届硕士及以上在校生，热爱计算机科学和互联网技术，对人工智能类产品有浓厚兴趣；
2、具备强悍的编码能力，熟悉linux开发环境，熟悉C++/Java语言优先；
3、优秀的分析问题和解决问题的能力，对解决具有挑战性问题充满激情；
4、有扎实的数据结构和算法功底，熟悉机器学习、自然语言处理、数据挖掘中一项或多项；
5、对推荐系统、计算广告、搜索引擎相关技术有经验者优先。"
算法工程师,北京·朝阳区·团结湖,发布于03月23日,20-40K·16薪,在校/应届本科,蚂蚁金服,互联网不需要融资10000人以上,Java 视觉图像算法 自然语言处理 密码算法,"【蚂蚁集团-蚂蚁保险】春招正式开放！Java、前端、算法、测试，岗位多多，真·海量HC！
-- 我们是谁 --
我们是蚂蚁保险事业群，是蚂蚁集团的下一代增长发动机。我们拥有相互宝，智能理赔大脑等等业界领先产品，业务同时涵盖了人身险、财险等多个险种领域。作为保险行业革新的引领者，我们致力于通过智能技术解决行业痛点问题，努力通过技术革新为世界带来小而美的改变。
-- 为什么选择我们 --
机遇挑战多：在这里，你能接触到业界最前沿的技术，最丰富的业务场景，最完备的基础设施，以技术创新为业务赋能，机会无处不在，互联网保险的蓝海，等你来挑战！
HC额度足：一对一推荐，真·海量HC（超多超多超多）！业务发展很快，所以贼缺人，面试标准没其他BU那么难。只要你足够优秀，就算招聘只剩最后一天我们也为你占到坑位！
转正几率大：往年实习生接近全部转正！
团队氛围好：我们有来自中科大、复旦、南大、浙大、华东师范等等高校的学长学姐，亲自带你landing！我们有丰富多彩的团建活动：聚餐，k歌，射箭，冰壶，皮划艇~我们的宗旨是：既要快乐工作，也要认真生活！
职位招聘1-11人"
图像识别(实习),北京·海淀区·中关村,发布于04月10日,300-400元/天,4天/周3个月本科,今日头条,移动互联网D轮及以上10000人以上,视觉图像算法 深度学习算法,"计算机视觉算法实习生
职位描述
1、向世界顶尖科学家学习交流机会，除了我们的科学家，我们团队中还有来自国内外名校（如CMU）担任顾问；
2、机器学习应用解决大规模业界实际问题的机会以及经验；
3、最好的环境，丰富的计算和数据资源。
职位要求
1、扎实的数学和算法基础：概率统计、数值优化算法；
2、快速学习新技术的能力，能够在较短时间内理解前沿论文并评价；
3、在机器学习、图像视频理解、图像分类、物体检测等算法方面有经验者优先；
4、在顶级学术会议上发表论文者优先。
分享职位"
算法实习生-H,北京,发布于03月18日,200-250元/天,2天/周2个月本科,网易,移动互联网已上市10000人以上,深度学习算法 语音算法,语音算法 或者 推荐算法或者深度学习算法 即可
视觉算法实习生,北京·海淀区·中关村,发布于02月01日,150-200元/天,4天/周3个月本科,SenseTime,计算机软件C轮1000-9999人,深度学习算法 视觉图像算法 算法设计 C++,"工作内容
1. 辅助开展计算机视觉和深度学习算法的开发与性能提升，研究的问题包括但不限于：2D/3D物体检测与跟踪、物体6D姿态估计、人体姿态估计、物体人体在线重建、人体运动捕捉、语义分割、动态场景重建、视觉定位与导航等；
2. 紧跟学术前沿，开展高水平和创新性的研究，保持算法在工业界和学术界的领先，参与顶会论文投稿及专利申请；
3. 负责开发管理研究所需要的工具以及基础设施。
【岗位优势】
1. 介于工业界与学术界之间，用前沿研究解决实际问题；
2. 拥有丰富的数据与计算资源；
3. 与科研和工程经验丰富的同事共事，有机会得到合作教授的科研指导。
职位要求
1. 扎实的计算机视觉和工程技能基础；
2. 独立分析和解决问题的能力，良好的沟通能力；
3. 基本的算法设计和实现能力，熟悉Python/C++/CUDA编程，掌握PyTorch/TensorFlow/MXNet等框架；
4. 实习时间在三个月以上；
5. 在相关领域顶 级期刊或会议发表过论文优先；
6. 有三维视觉或计算机图形学研究经历优先。"
name,address,update,wage,degree,company,company_info,tag,detail
算法实习生（语音方向）,北京·海淀区·上地,发布于03月29日,200-250元/天,4天/周3个月本科,作业帮,互联网D轮及以上10000人以上,语音算法 深度学习算法 TensorFlow PyTorch,"岗位职责：
1. 语音识别、评测、合成、声纹等语音算法方向的探索和落地；
2. 线上算法的效果调优和性能优化；
3. 跟进学术界、工业界最新成果并在实际业务场景验证；
岗位要求：
1. 在读硕士，每周至少可实习4天；
2. 熟悉算法、数据结构等计算机理论基础知识；
3. 有以下领域经验者优先：熟悉特征处理、语音识别、解码器等基本算法，熟练使用kaldi、srilm、irstlm 等语音识别、语言模型工具包；熟悉CUDA/CuBlas/CuDNN 的使用，并有过实际的使用经验；熟练使用tensorflow / pytorch 中的至少一种框架"
音视频算法工程师(实习),北京·海淀区·西二旗,发布于01月13日,200-400元/天,4天/周3个月本科,小米,互联网已上市10000人以上,深度学习算法 自然语言处理 人脸识别 C++,"1.工作内容:
根据paper或者需求实现算法落地，比如hdr-imaging， nlp等成熟算法的产品落地。主要是在移动端落地
2.任职要求:
熟悉至少一种深度学习框架(TensorFlow/Caffe/MXNet/PyTorch/Keras/Theano等)；
- 掌握C++、Python编程，有视频和图像的算法基础；掌握视频、图像处理opencv等基础工具；
- 参与过视频分类、人脸识别、物体识别/检测等相关项目者优先；
- 了解和追踪业界前沿发展方向，参加过算法竞赛并取得优异成绩者优先；"
自然语言处理(实习),北京·朝阳区·望京,发布于04月12日,200-400元/天,3天/周3个月本科,高德地图,互联网已上市1000-9999人,深度学习算法 推荐算法 搜索算法 算法设计,"算法工程师-自然语言处理
本职位目前只面向22年应届生
岗位描述：
阿里巴巴广阔的商业生态需要丰富且深入的的自然语言处理技术，涵盖了从应用层的机器翻译、智能对话、智能客服、广告搜索, 信息抽取以及在医疗，能源，安全等行业应用到底层的词法分析、句法分析、语义分析、文档分析、深度文本表示、文本生成、知识库建设。阿里巴巴的自然语言处理技术正在推进平台化、服务化策略，不断追求技术的深度以及技术与业务的适当解耦。本岗位需要招聘自然语言处理专业的优秀本科、硕士、博士毕业生一起来夯实基础、赋能商业，实现技术与商业的完美结合。期待追求卓越、自我驱动、聪明、乐观、自省、皮实的优秀人士加入阿里巴巴，共同开创人工智能和大数据，云计算共同赋能的商业新格局。
具体职责包括但不限于：
1、紧跟业界最新自然语言处理技术动态，深入研发并努力创新自然语言处理相关的知识库、词法、句法、语义、文档分析、深度学习、机器翻译、智能对话等技术，包括新颖的算法/模型的提出，模块的实际开发，对接自然语言处理平台的接入以及把高水平研发成果以论文/专利等形式进行发布；
2、理解自然语言处理技术应用的相关的业务场景及需求，在自然语言处理技术内核的基础上考虑业务场景的特殊性进而适当适配业务需求；
3、在核心技术研发之外，也会适当参与到具体的NLP相关业务中，例如文本内容的理解，商业场景的多语言多模态翻译和沟通，搜索Query分析、智能对话的语义解析及意图理解、商品评价的语义理解、内容搜索推荐的结构化分析、商品搜索推荐的标签体系、社会化问答的文本分析、智能客服的场景定制等。
岗位要求：
1、本科及以上学历，硕士博士优先，计算机、数学、信息管理等相关专业；
2、具备极佳的工程实现能力，精通C/C++、Java、Python、Perl等至少一门语言；对目前主流的深度学习平台：tensorflow、pytorch、mxnet等，至少对其中一个有上手经验；
3、精通自然语言处理领域的1到2项底层技术，有实际成果并发表在自然语言处理国际顶级会议、期刊者优先，有在相关的自然语言处理竞赛中获得优异成绩者优先；
4、熟悉深度学习以及常见机器学习算法的原理与算法，能熟练运用聚类、分类、回归、排序等模型解决有挑战性的问题，有大数据处理的实战经验；
5、有强烈求知欲，对人工智能领域相关技术有热情；
6、具有良好的数学基础，良好的英语阅读能力；
7、有团队意识，与他人合作良好，最好具有团队协作的经验。
同时，我们还希望你：
1. 学习能力强，对新事物保有好奇心，并能快速适应新环境
2. 良好的沟通能力和团队协同能力；能与他人合作，共同完成目标
3. 对所在领域有热情，相信方法总比困难多，善于独立思考并反思总结"
【校招】算法工程师,北京·朝阳区·太阳宫,,20-35K·16薪,在校/应届本科,BOSS直聘,人力资源服务D轮及以上1000-9999人,深度学习算法 自然语言处理 推荐算法 算法设计,"工作职责：
1. 负责 Boss直聘，店长直聘，看准网 等 产品 和 业务 中的 算法研究 和 系统开发 相关工作
2. 包括 推荐系统，搜索引擎，知识图谱 以及 数据挖掘，自然语言处理 等相关领域的研发
3. 结合业务的需要，分析问题，研发合适的 算法模型 和 系统，驱动业务发展
任职要求：
1. 计算机，数学，物理 等相关专业的本科，硕士，博士
2. 良好的编码基础，熟悉 Java/Python/C++ 一种或多种
3. 熟悉常见的 机器学习算法，熟悉 自然语言处理，推荐，搜索，知识图谱，数据挖掘 等，至少一个领域的当前常用方法和技术，有实际工业应用的项目经验 或 作为主要作者的论文发表 更佳。
4. 好奇心强，动手能力强，喜欢 挑战 和 解决 复杂问题。
5. 逻辑思维好，能够用简洁的语言清楚表达观点
6. 目标导向，技术驱动，追求用最恰当的技术方法，获得最好的产品效果。
职位招聘20-60人"
图像算法实习生,北京,发布于04月01日,200-350元/天,4天/周3个月本科,好未来,互联网已上市10000人以上,深度学习算法 视觉图像算法 C++ Python,"岗位职责：
1.参与图像OCR相关算法的研究、改进和应用；
包括但不局限于文字检测、识别，图像分类等。
2.参与移动端图像算法的研发和部署。
任职资格：
1.计算机图像、视觉专业，硕士以上学历；
2.熟悉TensorFlow、caffe、pytorch等主流开发框架；
3.熟悉C++、Python等编程经验；"
算法工程师（2021届）（30K-50K*16M ）,北京·朝阳区·定福庄,发布于02月26日,30-50K·16薪,在校/应届本科,好大夫在线,移动互联网D轮及以上500-999人,深度学习算法 自然语言处理 算法设计 机器学习算法,"算法工程师（2021届）（30K-50K*16M &面议）
1、用机器学习、文本挖掘等技术，对结构化和非结构化数据进行挖掘，发现其潜在关系，指导医疗大数据应用落地；
2、构建通用的分布式环境下机器学习系统，快速支持算法应用；
3、参与文本意图分析，包括文本分类和聚类，拼写纠错，实体识别与消歧，中心词提取，短文本理解等；
4、探索医疗AI领域。
任职资格：
1、计算机/通信等相关专业，统招博士学历，有较好的理论基础和快速的学习能力；
2、熟练掌握TensorFlow，pyTorch，Caffe，HTS等社区开源工具中的一种及以上；
3、对常用的机器学习/深度学习算法有深入理解，例如：LR/GMM/SVM/CRF/MaxEnt/HMM/NN 等；
4、熟悉 linux 开发环境，掌握至少一门编程语言，如 C++、Python等；
5、有NLP或图像领域的工作或研究经验，搭建过实际线上系统者优先；
6、表达能力强，乐观向上，自我驱动力强，具备敏锐的洞察力和良好的抗压能力。
我们的优势
1、广阔的业务发展前景：好大夫在线是中国领先的互联网医疗平台之一
2、快速的能力提升：全面的培训体系，1V1导师制，优秀的团队成员，同组定期经验分享
3、丰厚的激励回报：极具行业竞争力的薪酬，一年 2 次晋升调薪机会
4、完善的公司福利：五险一金、免费健身房、食堂、免费班车、员工体检、节日福利等
5、福利升级： 签订两方后发放 5000 元生活安置费，试用期工资全额发放。
职位招聘5人"
算法实习生,北京·朝阳区·酒仙桥,发布于12月23日,220-280元/天,4天/周3个月本科,360集团,互联网D轮及以上1000-9999人,深度学习算法 自然语言处理 视觉图像算法,"岗位描述：
1、基于大规模机器学习和数据挖掘技术，尤其是基于深度学习的个性化推荐算法，挖掘用户的兴趣点，完成千人千面的个性化推荐；
2、利用基于深度学习的nlp、cv等技术，进行文本、图片和视频的内容提取，为产品个性化推荐提供内容理解。
岗位要求：
1、深入理解nlp相关技术：长短文本分类、关键词提取、非结构化文本关系抽取，以及文本语义匹配等技术。
2、熟悉cv的目标检测、OCR、或者图片分类等技术，为视频内容提供理解。
3、熟练掌握Tensorflow、PyTorch等深度学期框架，熟练掌握Hadoop、Spark、PySpark等大数据平台。
4、具有较好的技术结合业务思维者优先。
实习要求：
1、至少3个月实习期，每周4-5天"
机器学习系统工程师(实习),北京·朝阳区·亚运村,发布于03月26日,250-350元/天,5天/周3个月本科,小红书,互联网D轮及以上1000-9999人,深度学习算法 自然语言处理 视觉图像算法 算法设计,"* 你会参与到的事情:
负责开发小红书内部机器学习系统,确保公司飞速增长的业务所需要的各类算法模型顺利生产和落地,服务于公司各个产品;
高效优化和部署计算机视觉、语音、自然语言处理等核心业务模型;
与算法紧密结合,分析性能瓶颈和系统架构,软硬件结合优化,实现极致性能;
* 我们希望你:
1. 全日制计算机相关专业本科及以上学历;
2. 熟练掌握Linux环境下的C/C++、Python语言;
3. 掌握CS常见数据结构和算法,具备扎实的计算机科学功底和编程能力;
4. 能够熟练使用至少一种主流的机器学习框架(TensorFlow / PyTorch等),熟悉框架内部实现；
* 加分项(非必须):
1. 对深度学习训练/推理有实操经验;
2. 有GPU开发经验,实现过深度学习算子;
3. 有TensorRT使用经验;
4. 有分布式开发经验;
5. 熟悉并行计算算法，擅长各类并行编程；
6. 熟悉模型剪枝、量化等优化方法；
注：表现优异者可转正"
图形渲染,北京·朝阳区·望京,发布于03月03日,15-25K·14薪,在校/应届本科,云畅游戏,游戏已上市500-999人,C++ OpenGL Shader 游戏,"工作职责：
1、游戏中Shader的开发与效果优化
2、针对移动平台图形性能优化
3、各种3D软件的插件开发
4、各种图形算法与视觉效果的研究与实现
任职要求：
1、大学本科及以上学历, 计算机或者数学类相关专业优先；
2、具有良好的团队合作精神，积极主动，有较强的学习能力；
3、扎实的3D、数学知识，并能将其运用到渲染效果创作中；
4、熟悉AAA级游戏中常见的渲染技术，并对某一领域有深入理解，比如全局光照、粒子、材质表现、性能优化
5、熟悉主流必要的编程语言之一：C++/C#，至少熟悉DirectX、OpenGL、Metal或者Vulkan中的一种图形API，并有很较强的shader编写能力
6、有一定debug和性能分析能力
职位招聘1人"
算法工程师-校招-21届应届生招聘,北京·朝阳区·太阳宫,发布于03月01日,28-55K·14薪,在校/应届本科,便利蜂,互联网不需要融资1000-9999人,深度学习算法 算法设计 机器学习算法 C++,"岗位职责：
1.负责便利蜂门店商品推荐或店务智能决策系统相关算法设计和效果优化；
2.应用数据挖掘等技术来处理海量数据，并完成特征提取、模型构建与算法调优等；
3.运用合理的方法构建并不断完善算法模型，包括但不限于销量预测、收益管理 、资源优化、商品图谱、人群画像等。
任职资格：
1.2021年应届毕业生，计算机/数学/工程类专业；
2.对零售行业的问题有好奇心，有良好的沟通能力和学习能力；
3.能对复杂的业务问题进行拆解，从中识别出规律或模式，并进行合理的抽象，最终给出算法化的落地方案；
4.具备扎实的代码能力和数据结构基础，熟练使用Python，并有C++/Java中至少一门语言的使用经验；
5.在机器学习方面具备一定基础，熟悉至少2～3 种主流机器学习模型，包括但不限于 LR, GBDT, 随机森林, 神经网络。
加分项：
1.对最新技术趋势保持追踪，了解最近2年机器学习领域的最新研究成果；
2.在以下程序设计比赛(ACM 区域赛, TOP Coder SRM)中获得TOP 名次；
3.在数据挖掘类比赛(KAGGLE, 天池) 获得TOP 名次。
职位招聘5-20人"
图像深度学习实习生,北京·大兴区·马驹桥,发布于04月01日,100-200元/天,4天/周5个月本科,金风科技,计算机软件已上市1000-9999人,视觉图像算法 深度学习算法 Python Java,"职责：
1. 针对业务需求及业务场景进行图像数据处理；
2. 协助算法岗进行CV等方面的数据整理；
3. 图像识别方面深度学习模型的训练、优化及部署；
4. 部门其他基础类事物；
要求：
1.计算机相关专业，本科及以上学历；
2. 掌握python、java等语言；
3. 熟悉tensorflow、pytorch等框架，resnet、yolo等模型，有部署能力者优先；
4. 为人踏实，积极上进，有责任心，较好沟通能力与团队合作能力。"
深度学习(实习),北京·海淀区·上地,发布于02月02日,300-500元/天,4天/周3个月本科,华为,计算机软件不需要融资10000人以上,深度学习算法 视觉图像算法 机器学习算法 人工智能,"目标对象：毕业时间在 2021-11-01 以后的海内外高校在读硕博，成绩优异，具有扎实的计算机视觉算法基础，动手能力强， 具备论文写作的能力；对华为的业务场景拥有浓厚兴趣。
1． 计算机相关专业硕士或博士，对机器学习及深度学习技术在视觉系统中的应用有研究兴趣，希望发表相关的顶会论文;
2． 熟练应用tensorflow/pytorch等深度学习框架，并能快速实现和调试自定义算法，有领域相关竞赛获奖可加分；
3． 加分项：有相关领域顶会（ICML/NIPS/ICLR/ICCV/CVPR/ECCV/...）论文发表经验者优先。
团队是华为旗下顶级人工智能研发团队，专注于计算机视觉、机器学习和深度学习等领域的技术研发，依托多年积累的技术经验与前沿技术探索，通过云+端的产品和行业解决方案，有效地解决各类业务问题。
实验室成员多数来自于清华、北大、中科院、浙大等顶级高校的博士、硕士，在CVPR，ECCV，ICCV，PAMI，AAAI，IJCAI等顶级会议期刊上发表过诸多论文，先后申请了近百项专利，具有深厚的学术研究背景和良好的工程实践能力。"
搜索推荐算法工程师,北京·海淀区·五道口,发布于02月20日,15-25K·14薪,在校/应届本科,敦煌网,电子商务D轮及以上500-999人,深度学习算法 自然语言处理 推荐算法 视觉图像算法,"一、工作职责:
1、在公司电商平台海量用户和数据的基础上，进行搜索推荐系统的改进，负责推荐算法的升级；
2、负责用户画像，推荐算法和机器学习平台的搭建；
3、持续关注策略规则对推荐效果的影响，改善推荐效果指标；
4、提供基于数据驱动的功能创新方案，优化用户体验;
5、针对具体的场景挑战，研发新的推荐策略和算法，并不断优化效果和性能。
二、任职资格:
1、熟悉常用机器学习算法和数据结构；
2、熟悉Java，熟悉linux操作，至少熟悉一种脚本语言（python, shell等）；
3、熟悉至少一种web开发和服务开发框架者优先；
4、熟悉深度学习算法原理，有TensorFlow开发经验者优先；
5、熟悉Hadoop、Spark、Kafka等计算平台和工具者优先；
6、具备用户画像、排序优化、知识库建设等经验优先；
7、有电商经验者优先。"
语音合成算法工程师(实习),北京·海淀区·中关村,发布于03月29日,150-200元/天,3天/周3个月本科,汽车之家,互联网已上市1000-9999人,深度学习算法 语音算法 Python Shell 人工智能,"负责语音合成前期的数据处理、前端和声码器的设计。
任职要求：
1、Python/shell/C/C++/Java至少会两种，熟悉Linux平台；
2、有语音信号处理/TTS/NLP相关经验优先；
3、有机器学习/深度学习相关经验。"
NLP高级算法工程师-校招内推,北京,发布于03月12日,26-45K,在校/应届本科,阿里巴巴高德,互联网已上市1000-9999人,深度学习算法 机器学习算法 Python Java C++,"职位描述
1. 负责高德信息业务-内容理解算法组自然语言理解方向的算法和技术研发，包括但不限于分词、命名实体识别、文本分类、开放标签挖掘、预训练语言模型、文本生成等，应用于POI tag、POI榜单生成、短视频内容理解等实际业务中。
2. 开发具体模型算法，和工程团队合作配合，推进线上应用，改善LBS移动出行场景的信息分发体验。
职位要求
1. 计算机、通信、自动化、电子、数学、统计等理工科专业，硕士及以上学历。
2. 掌握传统机器学习和深度学习的基础知识，有自然语言处理相关领域应用经验优先；
3. 对业界新技术敏感、喜欢钻研，具备熟练的英文读写能力，在ACL/EMNLP/ICLR/NIPS/AAAI/KDD等顶会或者期刊发表论文者优先；
4. 具备扎实的Python、C++或者Java等编程基础，熟悉主流深度学习工具PyTorch/TensorFlow等；
职位招聘1-700人"
算法工程师,北京·朝阳区·望京,发布于12月29日,19-25K·20薪,在校/应届本科,松果出行,移动互联网C轮1000-9999人,深度学习算法 算法设计,"岗位职责
1、参与城市车辆调度系统建设，优化出行场景下的各种应用算法（凸优化、组合优化、强化学习、深度学习），包括：供需预测、资源调度、路径规划等；
2、参与智能营销平台建设，优化营销方案；
3、基于海量的数据，挖掘高价值的信息、实现数据精准化；
4、理解并抽象公司其他业务，探索算法前沿进行落地，提升公司业务的智能化程度，拓展业务边界；
任职要求：
1、熟练掌握常见的机器学习算法，如 LR、SVM、GBDT、KNN；
2、了解常见的深度学习算法和模型，如：ANN、CNN、RNN
 2、熟练使用Python；
3、对技术有热情，良好的业务理解力，积极主动，团队沟通协作力佳；
4、有海量数据处理分析经验，了解Hadoop，Hive，Spark等大数据处理平台优先；
5、有ACM 比赛经历或曾在顶会上发表过相关论文优先；"
2021春招-算法研究员-北京,北京·海淀区·西三旗,发布于03月04日,20-40K·14薪,在校/应届本科,旷视MEGVII,计算机服务D轮及以上1000-9999人,深度学习算法 视觉图像算法 运动控制算法 算法设计,"工作职责:
1.推进计算机视觉和深度学习领域的核心算法；
2.构建计算机视觉或深度学习领域的关键应用；
3.将最好的算法在有趣有用的商业场景中落地。
任职资格:
1.过硬的科研背景：深度学习/机器学习；计算机视觉（包括分类，检测，分割，跟踪，SLAM和三维重建）；图像或信号处理；计算摄影学和计算机图形学。
2.扎实的编程基础；
3.熟悉本研究领域的最新研究成果，公开数据集，和相关的开源系统；
4.有很强的自学能力和独立思考能力，善于思考和表达自己的想法；同时又具备良好的团队合作精神；
5.熟悉 Python 等至少一门脚本语言，使用过 Theano, Caffe, Torch, TensorFlow 等开源深度学习框架优先；
6.有深度模型训练，图像分类.物体检测与分割.视频分析.三维建模.计算机图形学等相关科研经历者（例如顶级会议第一作者）优先。
职位招聘1-1000人"
音视频算法实习生-H,北京,发布于03月23日,200-250元/天,5天/周2个月本科,网易有道,互联网已上市10000人以上,视觉图像算法 语音算法 算法设计 视频算法 C++,"岗位描述
1、负责音视频相关(视频压缩，音频前后处理，网络协议)核心算法改进和维护；
2、负责音视频相关算法(视频压缩，音频前后处理，网络协议)模块的量化评估；
3、持续跟踪业界最新研究进展，并探索将其产品化的可能；
4、生产流程中视频编解码算法水平的持续提升，为画质提升、带宽降低、处理成本降低提供底层支持。
岗位要求
1、重点高校研究生及以上学历，计算机，通信工程相关专业；
2、熟悉Linux，Java, C/C++开发语言，熟悉计算机网络；
3、有以下领域之一的背景：音频算法（回音消除、语音增强、噪声抑制、自动增益控制、去混响、麦克风阵列信号处理等），视频算法（视频压缩性能调优，VR视频，视频前处理），网络处理（网络冲突检测，网络冲突控制，tcp性能优化，可靠UDP传输优化）；
4、良好的主动性，逻辑思维能力和沟通能力。"
软件工程师-算法工程研发方向,北京·朝阳区·安贞,发布于03月15日,15-25K·18薪,在校/应届本科,龙湖集团,工程施工已上市10000人以上,搜索算法,"工作职责
1、算法系统的工程化研发工作，包括但不限于检索系统、对话系统、知识工程、图像处理系统等；
2、持续优化系统架构，提高系统在高并发、大流量下的容灾容错能力，保证系统的高可用性、性能、安全；
3、算法模型的推理优化开发，包括但不限于神经网络的架构搜索、量化、剪枝、蒸馏。
任职要求
1、  本科以上计算机相关专业；
2、  具有扎实的计算机编程能力，熟练掌握java/前端/IOS/安卓等任一开发语言；
3、  思路清晰，善于思考，责任心强；
4、   善于沟通，具备较强的团队协作意识和能力。
培养计划
龙湖数字科技（digital technology）仕官生是龙湖仕官生招聘的新成员。随着龙湖数字科技的成长成熟，越来越多国内外精英学子成为龙湖仕官生，在龙湖广泛的应用场景中磨炼本领、快速成长。从业务一线到数据支撑决策，从客户洞察、数据赋能到空间制造和管理，龙湖数字科技不仅仅为其仕官生提供丰富的应用场景、广阔的成长空间、完善的培养体系，更旨在将仕官生培养成为业内最为璀璨的数字化人才。"
算法工程师,北京·海淀区·牡丹园,发布于03月03日,3-8K,在校/应届本科,中华会计网校,在线教育不需要融资1000-9999人,深度学习算法 推荐算法 机器学习算法 Java,"岗位职责：
1、负责个性化推荐系统整体算法策略的设计与实现；
2、负责推荐线上排序系统的效果优化与迭代；
3、参与大规模分布式机器学习训练打分系统的探索与实现。
任职要求：
1、2020-2021届本科/硕士应届生，计算机相关专业；
2、熟悉Windows、Linux操作系统的维护操作；
3、了解Java，或C/C 语言及相关开发工具；
4、人品端正，能吃苦耐劳，踏实工作；
5、具有较强的团队合作精神，责任心强。
职位招聘1-2人"
算法研究实习生,北京,发布于12月28日,200-300元/天,3天/周3个月本科,寒武纪,电子/半导体/集成电路已上市1000-9999人,深度学习算法 自然语言处理,"工作职责:
结合智能处理器硬件特性，设计、实现及部署图像、视频、自然语言等领域人工智能算法。
要求:
1、本科及以上学历，专业不限，有良好的编程基础；
2、了解机器学习算法，了解各种开源深度学习框架
3、有计算机体系结构知识者优先；
4、可至少实习3个月以上，每周实习3天以上。可尽快到岗者优先。"
语音识别(实习),北京·海淀区·西直门,发布于04月06日,150-250元/天,4天/周3个月本科,出门问问,智能硬件D轮及以上500-999人,语音算法 自然语言处理 Python C++ ASR,"Roles & Responsibilities
- 参与/负责语音识别系统的维护与更新，根据具体的应用效果不断改进模型或算法；
- 参与/负责数据的获取、处理以及生成，用于具体应用的优化与更新；
- 参与to B项目，根据具体的项目提供相应算法或模型解决方案；
- 参与/配合算法组其他人跟踪业界新研究成果，并应用到实际项目中；
- 参与/配合实现相关AI平台的开发。
Qualifications
- 全日制（本科|硕士）及以上学历，计算机、通信等相关专业。
- 熟练使用c/c++ 或者 python 编程语言。
- 熟悉常用的数据结构与算法，以及计算机体系结构相关知识。
- 掌握基本的机器学习知识，对统计模型有比较清晰的理解。
- 认真仔细，有较强的实践和解决问题的能力。"
算法工程师,北京·海淀区·西三旗,发布于03月05日,15-30K·15薪,在校/应届本科,饿了么,O2O不需要融资10000人以上,Java,"21届应届生，Java开发、测试、前端、算法
不需要你有过高的基础能力
在工作中学习与成长
我们给你全方面的资源培养你
只要你有足够的学习能力
就可以来和我们一起加油！"
自然语言处理工程师,北京,发布于03月22日,15-30K·13薪,在校/应届本科,中科院自动化所,其他行业不需要融资1000-9999人,深度学习算法 人工智能 大数据 文本挖掘,"1. 工作内容
1). 使用文本挖掘、自然语言处理、语义分析、数据挖掘、深度学习等方法完成文本数据的分析和挖掘；
2). 在专家（博士）指导下，完成和负责特定领域文本数据的分析，进行文本分类、关键词抽取、实体识别、问句分析等任务；
3). 在权威专家指导下，对自然语言处理和知识图谱领域中的前沿技术进行探索和研究。
2. 任职要求
1). 计算机、人工智能相关专业，本科及以上学历;
2). 具有扎实的数学基础；具有较好的编程能力（至少熟练使用Python、Java、C/C++一门编程语言），对于数据结构和算法设计有较为深刻的理解;
3). 熟悉自然语言处理基本概念，有文本挖掘、中文信息处理、知识工程等方面的开发经验者优先；
4). 熟练使用TensorFlow或PyTorch者优先；
5). 能够服从团队安排，责任心强，具备团队协作能力，能够在一定的压力下完成多项任务；
6). 对使用NLP技术解决实际问题尤为感兴趣者优先。
3. 特别说明
期待你加入人工智能国家级战略团队，完成国家重大任务，不仅具有五险一金、周末双休、带薪年假、员工体检、团队春秋游等员工福利，还能在人工智能顶级专家悉心指导下实现自我成长与蜕变。
职位招聘2-4人"
算法工程师,北京·朝阳区·望京,发布于03月16日,18-35K·14薪,在校/应届本科,完美世界,游戏已上市1000-9999人,深度学习算法 自然语言处理 算法设计 机器学习算法,"工作内容：
1.参与机器学习、深度学习领域的技术研发工作，包括但不限于神经网络模型设计与优化、强化学习、迁移学习、主动学习、维度降低、核方法、谱方法、特征提取与稀疏学习、等级学习、推荐、随机优化等的算法和系统研发 ；
2.参与构建通用的分布式环境下机器学习平台，快速支持算法应用；
3.参与业务项目，包括自然语言处理、文本分析、图片处理、用户行为分析等；
4.负责提供大数据分析建模方案，沉淀行业解决方案，协助拓展业务边界 ；
5.负责提供分布式的算法实现的解决方案，大幅提升算法计算规模和性。
任职要求：
1.计算机/通信等相关专业，研究生及以上学历，有较好的理论基础和快速的学习能力
2.熟练使用TensorFlow，pyTorch，Caffe，HTS等社区开源工具中的一种及以上
3.对常用的机器学习/深度学习算法有一定的理解，例如：LR/GMM/SVM/CRF/MaxEnt/ HMM/CNN/RNN 等
4.熟悉 linux 开发环境，具有极佳的工程实现能力，精通C/C++、Java、Python等至少一门编程语言
5.有相关机器学习产品线上系统开发经验者优先
6.良好的数据敏感能力、较强的逻辑分析能力
7.良好的团队合作精神，能够做到严谨、皮实、乐观
职位招聘5-15人"
感知 / SLAM 算法实习生,北京·朝阳区·望京,发布于09月15日,300-600元/天,4天/周4个月本科,NIO蔚来,汽车生产已上市1000-9999人,深度估计 deep slam SLAM / VIO 视觉 3D 检测,"工作职责：
1. 协助研发自动驾驶系统的核心算法。
2. 协助构建自动驾驶算法的数据和评测系统。
（工作地点后续在海淀区）
岗位要求：
1. 对自动驾驶相关的感知算法（包括图像分类、目标检测、关键点检测、语义分割、目标跟踪、目标预测、Lidar Detection、SLAM、多相机融合）有浓厚的兴趣，并致力于在这些领域长期发展。
2. 扎实的编程基础，在 Python 和 C++/CUDA 有一定的编程经验。
3. 熟悉一个或多个深度学习框架，有 tensorflow/pytorch 的深度使用经验者优先。
4. 实习时间每周不少于 4 天，总共不少于 4 个月。
5. 优先相关专业的硕士和博士研究生。"
算法开发(实习),北京·海淀区·中关村,发布于04月02日,400-450元/天,4天/周3个月本科,北京字节跳动,移动互联网D轮及以上10000人以上,视觉图像算法 自然语言处理,"团队介绍：Data-EDU是DATA中台下专门支持教育业务的算法部门。我们紧贴教育业务，让技术赋能教育：通过教学教研引擎持续创新教育内容，让它们变得更加生动和丰富；通过互动学习引擎让教育形式变得更加有趣和有效，提升学习体验和效率；通过个性化教辅服务和高校智能运营让教育能真正的为每个人量身定制；通过新型的人机交互为教育提供新的手段和体验。我们在北京和上海两地都建有团队，以算法为核心能力，拥有算法，工程和产品三个职能线。我们专注于AI算法的各个领域，包括计算机视觉、自然语言理解、广告、推荐和搜索等。目前支持的业务涵盖了启蒙教育、K12教育、作业辅导、进校业务以及教育硬件等全方位、全年龄段教育领域。
1、研究和开发推荐、搜索、NLP、图像等领域的算法；
2、结合教育业务场景，将算法落地到具体业务场景中；
3、跟进前沿的推荐、搜索、NLP、图像等技术，保持技术的迭代更新；
4、参与共建字节的算法能力，对具体的行业领域技术进行分析沉淀。"
NLP算法实习生,北京·大兴区·亦庄,发布于03月06日,200-300元/天,4天/周6个月本科,京东集团,电子商务已上市10000人以上,Python TensorFlow 人工智能 深度学习算法,"工作职责：
1、负责自然语言处理、数据挖掘、深度学习等相关方向的技术研发工作
2、对海量数据进行分析加工
3、参与搜索排序算法优化及query意图识别工作
4、针对汽车市场相关业务场景，探索创新算法和技术
岗位要求：
1、2022年及以后毕业，本科及以上学历，计算机，应用数学等相关专业，有良好的数据结构的算法基础
2、熟练使用Python开发语言，有扎实的编程功底
3、有较强的算法理论基础，包括但不限于意图识别、语义分析、文本挖掘、信息抽取等
4、有nlp，机器学习相关经验优先
5、有转正机会，架构师直面，当天面试出结果，5-10天发offer"
算法研究实习生,北京·海淀区·西二旗,发布于03月03日,50-70元/天,4天/周3个月本科,千里马招标网,互联网不需要融资500-999人,人工智能 视觉图像算法 自然语言处理 Python,"岗位职责：
阅读、整理、讲解AI文献
追踪最新研究成果
岗位要求：
对AI有兴趣。
英语阅读能力好。
来自985/211院校优先
备注：
前沿技术追踪组要求
专业年龄不限"
算法实习生,北京·朝阳区·望京,发布于03月24日,240-250元/天,3天/周1个月本科,阿里云,互联网已上市10000人以上,人工智能 物联网 产业升级 新基建 智慧城市,"关键字：人工智能，城市大脑，产业升级，新基建，可转正
关于我们：
阿里云数据智能事业部，利用数据和算法，帮助各行业做数字化转型，提高社会生产效率，是AI落地最重要的场景，新基建的重要组成部分。在这里，你可以利用机器学习、运筹优化、数据挖掘等技术，解决各种现实问题，让我们一起用代码来改变世界！
1，计算机、数学等相关理工科专业硕士以上学历
2，有机器学习、运筹、优化等相关项目经验，熟悉python，java，C/C++中至少一门程序语言，善于用数据分析和解决问题
3，毕业时间为2021年11月-2022年10月"
name,address,update,wage,degree,company,company_info,tag,detail
自动驾驶感知数据算法研究员|北京(实习),北京·海淀区·中关村,发布于03月31日,250-500元/天,5天/周3个月本科,商汤科技,互联网C轮1000-9999人,深度学习算法 算法设计 机器学习算法 机器人,"商汤科技-移动智能事业群-智能驾驶团队招聘「自动驾驶感知数据算法」研究实习生
工作职责：
1. 研究如何充分利用在不同数据集上训练的深度学习模型来提升在目标数据集上的性能。
2. 研究在传感器方案升级的情况下，对模型进行迁移，并利用原有标注数据提升模型性能。
3. 研究如何充分利用已有标注/未标注数据来进行有监督/自监督/弱监督的训练，从而提升感知算法性能。
4. 负责工业/学术界相关领域前沿算法的跟踪与复现。
5. 在学术会议或期刊上发表研究成果提升公司在学术领域的声望。
6. 参与相关研究的工程转化，让学术研究成果能够落地成为惠及全人类的现实技术！
职位要求：
1. 自动化、电子工程、计算机、软件等相关专业，硕士及以上学历。
2. 有Transfer Learning、Active Learning、Online Learning等研究经历优先。
3. 对自动驾驶传感器与感知算法有了解者优先。
3. 熟悉机器学习理论，熟练使用PyTorch/TensorFlow/Caffe等主流深度学习工具链。
4. 认可数据的价值，渴望用数据推动自动驾驶技术进步。
5. 有技术有极致的追求，有超强的学习能力，愿意接受挑战，有强烈的好奇心及执行力。
6. 具备极强的自主探索、解决问题的能力和精神。
7. Coding能力强，有并行开发经验者优先。
8. 有学术会议发表论文优先（一作/二作，非必须）。
P.S. 我们渴望志同道合的同学，一起从事前沿技术的探索和研究，力求付出十二分努力，做出真正改变人类生活的技术！
每周5天，能实习6个月以上者优先。
工作地址：
上海市徐汇区商汤科技大厦/北京市海淀区泰鹏大厦/深圳市南山区深圳湾科技生态园"
提前批-机器学习工程师,北京·海淀区·西北旺,发布于02月23日,20-25K·16薪,在校/应届本科,百度,互联网已上市10000人以上,深度学习算法 搜索算法 Python 推荐算法,"工作职责：
-负责百度B2B搜索的核心技术研究和开发
-应用各种前沿算法在爱采购场景，优化策略效果，提高用户体验
-基于对用户诉求和客户诉求的深入理解和数据分析，优化策略算法，为客户创造更大的价值
职位要求：
-精通C/C++/Python语言编程，熟悉linux平台
-熟悉常用的数据结构基础和机器学习算法，熟悉搜索/推荐算法优先
-具备优秀的分析解决问题能力、良好的沟通能力以及团队合作精神
-对搜索技术和探索未知领域有浓厚的兴趣,对解决具有挑战性问题充满激情
职位招聘1-2人"
IRDC-算法开发见习研究员（北上深杭）,北京·海淀区·中关村,发布于04月02日,200-250元/天,4天/周4个月本科,SenseTime,计算机软件C轮1000-9999人,深度学习 reid 检测 关键点 人脸,"商汤集团海外研发中心 IRDC（International Research & Development Center），是商汤AI能力出海的主力先锋，本着以创新能力为驱动，为客户和合作伙伴创造价值的使命，不断为商汤海外业务拓展落地贡献力量。
工作职责
1、进行计算机视觉深度学习/机器学习算法设计、研发、迭代等工作
2、进行一个或多个项目的研究，包括但不限于：通用物体检测、关键点检测识别、图像分类和属性识别等
3、参与算法的创新设计和实现；研究，重现，以及对比最前沿的算法
4、进行计算机视觉相关算法在众多应用领域的性能优化，以及配合团队完成相关项目的落地
5、负责开发管理研究所需要的工具以及算法平台
任职要求
1、本科及以上学历，计算机、电子信息或软件等相关专业
2、具有计算机视觉，机器学习优化算法基础，数据挖掘或人工智能的相关经验
3、熟练使用C/C++、python中至少一种编程语言；掌握caffe、tensorflow、pytorch等深度学习框架之一；
4、具有优秀的分析问题和解决问题的能力，具有良好的沟通能力和团队合作能力，在工作中敢于突破与创新，对解决具有挑战性的问题充满激情；
加分项：
1、行业内相关的实习、高校实验室、研究所研究经验、以及工作经验
2、有较强的研究能力，可以进行算法研究的创新设计和实现
3、有与机器学习研究相关的开源项目的贡献背景；
4、在国际顶尖会议或期刊发表机器学习相关论文 (包括但不限于CVPR, ICCV, ECCV, NIPS, ICML, ICLR, AAAI)
5、有参加过ACM-ICPC/SC-SCC等竞赛的经验；有机器学习相关的比赛经验者或在重要数据集的排行榜上排名靠前的优先，包括ImageNet等相关竞赛、Kaggle等一些国内外商业比赛"
算法工程师实习生（NLP方向）,北京·海淀区·上地,发布于03月29日,250-350元/天,4天/周3个月本科,作业帮,互联网D轮及以上10000人以上,深度学习算法 算法设计 机器学习算法 Python,"工作职责:
1.试题理解相关工作，包括但不限于分词，分句，词性标注，实体
识别，关系抽取，知识图谱及知识库的构建，公式建模，试题模
版生成等NLP任务；
2.智能批改相关工作，通过对试题，答案，用户Query的理解，对
学生提交的作答内容进行自动化批改，提高批改的准确率及召回
率（包括但不限于数学，语文，英语等学科），通过对试题，答
案，解题方法，知识库等结构化探索更多样化的批改策略；
3.自动解题相关工作，依托题库，利用NLP技术进行自动解题和解
析生成，辅助题库生产，拍照搜索展示，拍照批改内容推荐等，
扩展更多题型支持，探索与研究行业最新进展，在相关场景下进
行落地；
任职资格:
1.精通c++/python/shell等常用语言，对数据结构和算法设计有较为
深刻的理解，扎实的编码；
2.了解自然语言处理相关的核心技术研究，如文本的预处理，特征
提取，分类，序列标注，阅读理解等NLP技术，传统机器学习相关
理论基础掌握扎实；
3.具有较强问题拆解和case分析能力，对复杂问题可以进行建模，
并能给出解决方案，良好的时间和流程意识，能够针对需求和目标给
出合理的解决方案及排期；"
推荐算法(实习),北京·海淀区·西二旗,发布于03月19日,200-400元/天,4天/周3个月本科,小米,互联网已上市10000人以上,深度学习算法 推荐算法 搜索算法 搜索引擎技术,"岗位职责：
1. 结合公司业务特点，研发高质量的搜索、个性化推荐算法和内容处理算法；
2. 基于富媒体（文本，图片，视频）内容和用户行为的个性化推荐模型建立和优化；
3. 建立个性化推荐离线效果评估和线上效果验证的方案，逐步改善推荐效果；
4. 追踪搜索引擎、个性化推荐、NLP和机器学习领域的前沿技术，将前沿技术应用于实际业务。
岗位要求：
1. 统招本科及以上学历，计算机相关专业，熟悉常用的推荐算法和推荐引擎架构；
2. 具备扎实的算法及代码实现能力；
3. 对海量数据分析、挖掘有浓厚兴趣，具备强烈的进取心、求知欲及团队合作精神。
4. 熟悉以下至少一个领域者优先考虑：
（1）搜索技术，如信息检索、索引、分词、相关性等；
（2）统计机器学习相关方法，如深度神经网络、概率图模型，最优化方法等；
（3）语义理解技术，如知识图谱、语义解析、知识挖掘等；"
机器学习(实习),北京·朝阳区·望京,发布于04月12日,200-400元/天,3天/周3个月本科,高德地图,互联网已上市1000-9999人,深度学习算法 算法设计 Python C++ Java,"算法工程师-机器学习
具体职责包括但不限于：
1、负责机器学习、深度学习领域的技术研发工作，包括但不限于神经元网络模型设计与优化、强化学习、迁移学习、主动学习、维度降低、核方法、谱方法、特征提取与稀疏学习、等级学习、推荐、随机优化等的算法和系统研发等；
2、负责机器学习尤其是深度学习前沿问题的探索与研究，结合未来实际应用场景，提供全面的技术解决方案；
3、负责提供分布式的算法实现的解决方案，大幅提升算法计算规模和性能；
4、负责提供大数据分析建模方案，沉淀行业解决方案，协助拓展业务边界。
岗位要求：
1、本科及以上学历，硕士博士优先，计算机、数学、电子工程、通信等相关专业；
2、熟悉常用机器学习算法，对模式识别、深度学习、增强学习等相关领域，极佳的工程实现能力，精通C/C++、Java、Python等至少一门编程语言；
3、候选人有数理分析方面良好的素养以及数理统计基础；
4、良好的数据敏感能力、较强的逻辑分析能力；
5、有实际成果并发表在国际顶级会议、期刊者优先，有在KDDCUP、ImageNet、MSCOCO、ICDAR等权威比赛中取得优异成绩者优先。
6、有deeplearning的经验，有linux下开发经验的，大规模数据处理经验优先。
同时，我们还希望你：
1. 学习能力强，对新事物保有好奇心，并能快速适应新环境
2. 良好的沟通能力和团队协同能力；能与他人合作，共同完成目标
3. 对所在领域有热情，相信方法总比困难多，善于独立思考并反思总结"
算法工程师(实习),北京·朝阳区·团结湖,发布于03月03日,200-300元/天,4天/周1个月本科,蚂蚁金服,互联网不需要融资10000人以上,深度学习算法 自然语言处理 推荐算法 算法设计,"蚂蚁集团2021年实习生招聘
招聘对象：
2021.11-2022.10毕业的应届毕业生，算法工程师
机器学习（包括推荐系统、知识图谱等） 图像图形 自然语言处理等
我们属于支付宝芝麻信用部门，你熟知的芝麻分就是我们做的~想要了解更多，就赶快联系我吧！"
【校招】算法工程师,北京·朝阳区·太阳宫,发布于03月11日,20-35K·16薪,在校/应届本科,BOSS直聘,人力资源服务D轮及以上1000-9999人,深度学习算法 自然语言处理 算法设计 机器学习算法,"工作职责：
1. 负责 Boss直聘，店长直聘，看准网 等 产品 和 业务 中的 算法研究 和 系统开发 相关工作
2. 包括 推荐系统，搜索引擎，知识图谱 以及 数据挖掘，自然语言处理 等相关领域的研发
3. 结合业务的需要，分析问题，研发合适的 算法模型 和 系统，驱动业务发展
任职要求：
1. 计算机，数学，物理 等相关专业的本科，硕士，博士
2. 良好的编码基础，熟悉 Java/Python/C++ 一种或多种
3. 熟悉常见的 机器学习算法，熟悉 自然语言处理，推荐，搜索，知识图谱，数据挖掘 等，至少一个领域的当前常用方法和技术，有实际工业应用的项目经验 或 作为主要作者的论文发表 更佳。
4. 好奇心强，动手能力强，喜欢 挑战 和 解决 复杂问题。
5. 逻辑思维好，能够用简洁的语言清楚表达观点
6. 目标导向，技术驱动，追求用最恰当的技术方法，获得最好的产品效果。
职位招聘20-60人"
高精度地图研发工程师(实习),北京·海淀区·五道口,发布于03月19日,300-450元/天,5天/周3个月本科,魔门塔科技,计算机软件C轮500-999人,C++ Python SLAM 高精度地图 地图拓扑,"【工作内容】：负责自动驾驶高精度地图相关模块的算法开发，比如地图拓扑，地图更新等
【任职要求】：
1. 能熟练使用Python或C++编程，Python更佳
2. 了解多视图几何，视觉SLAM相关理论知识
3. 具有良好的数学基础，熟悉计算几何相关知识【加分项】
【备注】
1. 弹性工作制，不打卡。按工时算薪酬，免费三餐，免费健身房
2. 实习期间表现良好，可以转正"
视觉算法实习生CV,北京·海淀区·上地,发布于03月24日,150-200元/天,4天/周3个月本科,滴滴,移动互联网D轮及以上1000-9999人,视觉图像算法 深度学习算法 TensorFlow PyTorch,"岗位职责
1、负责图片数据的处理、获取、标注规则定义；
2、协助相关图像模型和生成模型的模型训练与参数调优；
3、工业与学术结合，紧跟学术前沿，应用工业界、学术界的前沿方法到项目当中。
4、远程办公/可兼职
5、按要求完成每日工作进度并汇报
6、工作能力符合要求 实习期结束 可以立即转正
岗位要求
1、全日制在读本科以上专业，计算机、图像处理等相关专业，一周至少工作四天
2、熟悉Pytorch、TensorFlow等至少一种深度学习开源框架；
3、熟悉常用的一些图像相关深度学习算法；
4、有GAN网络使用经验，人脸检测、识别、关键点检测等人脸方面相关经验的优先；
5、工作认真负责，能够主动分析问题解决问题，团队协作能力强。
6、211/985硕士以上学历，具备科研能力，有获得算法类竞赛奖项，在国际高水平会议或期刊发表论文者优先，有相关成绩者请在简历或沟通中主动明确出来，并提供相关证明会极大几率提升面试概率"
算法开发实习生,北京·朝阳区·望京,发布于04月07日,300-350元/天,3天/周2个月本科,阿里巴巴集团,互联网已上市10000人以上,数据分析 深度学习算法 推荐算法 广告算法,"1. 我们是谁？
这里是阿里巴巴北京&杭州，数字供应链团队。
我们专注于国际化供应链的发展，在这里你可以与来自海外的业务方进行沟通，运用互联网创新技术、大数据和人工智能技术，帮助运营海外电商产品。未来我们将担负起整合社会化供应链资源，持续解决产业痛点，服务全球20亿消费者，1000万中小企业的重任。交易链路应用，目前沉淀了面向物流服务和运营的FaaS架构，平台架构和治理 200W＋ QPS，10K+机器，长期承担中台稳定性保障重担兼具业务架构、平台架构治理和高并发稳定性治理的挑战。
2. 这里有什么？
来自全球的技术大牛手把手教你编程的艺术，隔三差五的技术分享帮助你快速成长，每周组织体育活动关注你的身体健康，众多海外出差机会让你体验异国风情。和有梦想的人一起做有意义的事。
3. 我们需要你有什么？
a. 不断学习成长的能力，不怕挫折的信念；
b. 有开阔的视野以及挑战国际化场景的信心；
c. 有护照，因为需要出国出(lv)差(you)；
d. 是相关职位所规定的相关专业背景的22年应届本硕博；
4. 招收岗位
产品/UED/前端/算法/后端研发/数据分析实习生。（ps）如果需要其他岗位也可以联系帮助内推。"
推荐算法工程师-校招补招,北京·海淀区·上地,发布于04月01日,20-40K,在校/应届本科,快手,社交网络已上市10000人以上,深度学习算法 算法设计 机器学习算法 分布式技术,"1、参与亿级用户规模的视频推荐优化，提升停留时长、点击率、留存率等核心指标；
2、参与机器学习、深度学习领域的技术研发工作，包括但不限于深度模型设计与优化、强化学习、迁移学习、图神经网络等的算法和系统研发等；
3、分析海量用户行为数据和视频数据，增加有效的特征，挖掘用户兴趣，优化排序机制；
4、通过超大规模机器学习模型和系统，使用先进的检索和排序手段，优化社区生态，优化快手短视频推荐效果；
5、针对海量用户行为数据，提供分布式的算法实现的解决方案，大幅提升算法计算规模和性能；
6、参与搭建推荐系统框架，提供高并发，大数据，高效可靠的线上服务；
7、参与全域流量博弈的机制设计，协助拓展业务边界；
8、参与前沿问题探索与研究，结合实际应用场景，提供全面的技术解决方案。
职位招聘6人"
推荐算法工程师(实习),北京·海淀区·西北旺,发布于03月25日,150-200元/天,3天/周3个月本科,网易,移动互联网已上市10000人以上,推荐算法 PyTorch Hadoop 深度学习算法,"工作职责
1. 负责网易新闻召回、排序模型的算法分析优化迭代
2. 调研业界深度学习新模型和算法
职位要求
1. 本科及以上学历，计算机、数学、物理等相关专业，有推荐算法经验优先
2. 熟悉常见的深度学习模型，如Wide&Deep、Attention、序列模型、多任务学习等
3. 优秀的编码能力，熟练使用TensorFlow/PyTorch等训练框架，熟悉Spark、Haddop等大数据框架优先
4. 学习能力强，优秀沟通能力以及执行力
5. 一周能实习3天及以上"
算法实习生（query）,北京·朝阳区·酒仙桥,发布于03月29日,200-280元/天,4天/周3个月本科,360集团,互联网D轮及以上1000-9999人,深度学习算法 搜索算法 机器学习算法 Python,"岗位职责
1. 负责自然语言处理相关底层技术和平台的研究与实现；
2. 负责面向搜索场景的语义分析、知识库建立、信息抽取等事宜的方法和实践；
3. 从系统应用的角度，在大数据环境下利用NLP技术解决实际搜索排序中的相关性问题，从而优化排序效果，提升360搜索的用户体验。
任职要求
1. 扎实的编程基础，至少精通一种编程语言，如C/C++，Java，python等；
2. 熟悉深度学习以及常见机器学习算法的原理与算法，能熟练运用聚类、分类、回归、排序等模型解决有挑战性的问题；
3. 对自然语言处理相关的分词、词性标注、实体识别、句法分析、语义分析等有深入的实践经验；
4. 有强烈求知欲，对人工智能领域相关技术有热情；
5. 具有良好的数学基础，良好的英语阅读能力；
6. 有团队意识，与他人合作良好，最好具有团队管理的经验；"
2021春招-SLAM/VIO/三维重建算法研究员,北京·海淀区·西三旗,发布于03月04日,20-40K·14薪,在校/应届本科,旷视MEGVII,计算机服务D轮及以上1000-9999人,深度学习算法 视觉图像算法 运动控制算法 算法设计,"工作职责:
1. 研究和开发视觉 SLAM、VIO、三维重建算法；
2. 研究视觉与 IMU、码盘、激光等多传感器融合算法与高精地图重建。
任职资格:
1. 熟练掌握 SLAM、VIO、三维重建等算法知识；
2. 掌握多传感器融合算法；
3. 掌握多视图几何、图优化等相关算法；
4. 熟悉常见开源 SLAM 框架，例如 ORB-SLAM2、VINS、OKVIS 等；
5. 熟悉常见开源工具库，例如 ceres、g2o、Eigen、OpenCV 等；
6. 具有丰富的 C/C++ 编程经验；
7. 计算机、机器人、自动化等相关专业本科及以上学历。
8. 熟悉 ROS 系统开发；了解计算机视觉相关的深度学习知识；会使用 OpenGL、Unreal 或者 Unity 开发；具有 AR/VR 等相关开发经验者优先。
职位招聘1-1000人"
软件工程师-机器学习方向,北京·朝阳区·安贞,发布于03月15日,15-25K·18薪,在校/应届本科,龙湖集团,工程施工已上市10000人以上,深度学习算法 自然语言处理 推荐算法,"工作职责：
1、应用机器学习、深度学习、分类聚类等相关技术进行算法研发；
2、基于地产业务数据的模型拟合、数据挖掘工作等；
3、基于用户行为数据及画像、商品信息数据，构建推荐场景的预估模型、多目标排序模型等。
任职要求：
1、本科及以上学历， 计算机、软件工程、机器学习、应用数学、模式识别、人工智能等相关专业；
2、热爱计算机科学和开发技术，对算法有浓厚兴趣；
3、熟悉分类、聚类等常用算法模型；
4、有同方向项目经验、学术比赛经验以及发表过顶会论文者优先。
培养计划：
龙湖数字科技（digital technology）仕官生是龙湖仕官生招聘的新成员。随着龙湖数字科技的成长成熟，越来越多国内外精英学子成为龙湖仕官生，在龙湖广泛的应用场景中磨炼本领、快速成长。从业务一线到数据支撑决策，从客户洞察、数据赋能到空间制造和管理，龙湖数字科技不仅仅为其仕官生提供丰富的应用场景、广阔的成长空间、完善的培养体系，更旨在将仕官生培养成为业内最为璀璨的数字化人才。"
算法实习生,北京·朝阳区·望京,发布于01月26日,290-300元/天,3天/周6个月本科,一起教育科技,互联网已上市10000人以上,自然语言处理 Python Shell 数据挖掘 SQL,"职位描述
工作职责：
1. 协助完成英语题库自动标注工作
2. 协助优化自动标注算法
3. 基于测评算法，计算和分析相关业务指标
任职要求：
1. 计算机、数学、统计学等相关专业本科在读，本科及以上学历
2. 编程能力强，思维严谨，有良好的代码风格和编程习惯
3. 有扎实的数据结构和算法功底
4. 熟练掌握python，熟悉SQL和Shell脚本语言
5. 对数据敏感，有大数据挖掘分析，机器学习,，自然语言处理经验优先
6. 有很强的学习能力和应用实践能力，以及优秀的分析问题和解决问题能力
7. 对教育事业充满热情"
算法研究员(实习),北京·海淀区·知春路,发布于10月15日,200-400元/天,4天/周3个月本科,腾讯视频,互联网已上市1000-9999人,算法中台 训练/推理ai全流程 推荐算法 深度学习算法,"1. follow业界最新paper，参与模型算法复现、创新，鼓励paper输出
2. 参与大规模数据场景（视频线推荐、增长、商业化等）模型算法开发落地，效果迭代优化
3. 参与整个训练/推理pipeline全流程建设、优化
实习要求
1. 熟练掌握python和c++，熟悉常用数据结构与算法
2. 熟悉深度学习常用算法，熟悉主流排序模型优先
3. 熟悉tensorflow优先
4. 有spark等大数据处理经验优先
5. 有论文发表优先
ps：实习周期要求大于3个月，2022年及后毕业优先"
算法实习生,北京·海淀区·西三旗,发布于12月30日,200-260元/天,5天/周3个月本科,九号公司,智能硬件已上市1000-9999人,推荐算法 运动控制算法 搜索算法 算法设计,"工作职责：
1. 负责GNSS高精度核心算法的研发和测试工作；
2. 负责最小二乘、卡尔曼滤波、RTK算法的优化工作；
3. 负责惯导组合导航算法以及PVT相关算法研究与实现；
4. 负责导航定位测试数据的可视化分析。
任职资格：
任职资格：
1. 具有扎实的数学基础；
2. 具有良好的英文文献阅读能力；
3. 具有落地论文算法的能力；
4. 熟悉常用的数据结构；
5. 熟悉常用的排序算法和搜索算法；
6. 熟练掌握C/C++编程，具有良好的Visual Studio开发能力；
7. 系统开发过C/C++项目，具有对C/C++代码进行时间和空间优化的能力；
8. 良好的沟通和团队协作能力。
# 加分项：
1. 具有扎实的卫星定位理论基础；
2. 熟悉高精度卫星导航定位原理；
3. 熟悉多GNSS系统混合定位；
4. 熟悉RTK、单点定位程序、伪距相位组合法等；
5. 熟悉RTK惯导组合算法；
6. 具有GPS项目的开发经验；
7. 具有基于C语言的嵌入式项目开发经验；
8. 熟悉某种形式的脚本（Bash，Python）；
9. 熟练使用Git，SVN等版本管理系统。"
机器学习(实习),北京·海淀区·中关村,发布于07月20日,160-300元/天,4天/周5个月本科,爱奇艺,互联网已上市1000-9999人,数据分析 机器学习 算法,"踏实勤奋，能一周工作日至少实习4天，实习3个月以上者
1.熟悉自然语言处理机器学习的相关知识，熟悉python c++ java ，熟悉机器学习框架如tensorflow pytorch
2.计算机相关专业者优先
3.在顶级会议发表论文者优先
如果临时不在线，可以发送简历到邮箱
请仔细阅读以下内容
本职位我们目前只招实习生，要求可以实习6个月，如果愿意可以直接发邮件到邮箱，如果合适，会收到电话面试
邮箱在对话框上方，发送简历，点击发简历即可
(不能保证转正，不过根据以往经验表现好的话，如果是现在研一或者大二，可以在第二年9月左右在校招期间面试通过后转正)如果只是实习，可忽略括号里注意事项"
蚂蚁集团搜索算法实习生,北京·朝阳区·朝外,发布于02月28日,200-400元/天,4天/周2个月本科,蚂蚁集团,互联网D轮及以上10000人以上,深度学习算法 推荐算法 机器学习算法 人工智能,"支付宝搜索团队：
1. 蚂蚁集团战略级场景；
2. 打造中国最大的数字生活搜索平台（生活服务、数金金融、政务服务、商品、优惠、出行、电影等）；
3. 高速发展的业务场景，年轻的团队，没有996，工作生活两不误；
岗位描述
面向2022届应届毕业生的春季实习生岗位，算法 / 工程，实习地点北京／杭州。
岗位介绍：
如果你喜欢研究搜索技术，你可以参与搜索引擎各个功能模块的设计和实现，构建高可靠性、高可用性、高可扩展性的体系结构，如果你对产品研发感兴趣，你可以深度参与产品和业务优化，结合用户体验改进和业务方向突破，设计通用可扩展的业务平台架构，支撑业务快速发展；
在这里，你可以接触到业界前沿技术，比如机器学习、向量检索、索引、排序、图数据库、大数据技术等，前瞻性地探索新型搜索系统的架构设计。
如果你想了解JAVA开发在阿里巴巴互联网生态系统中无与伦比的应用广度与深度，学习应用业界领先的基础技术， 如分布式文件系统、缓存系统、Key/Value存储系统、数据库、Linux操作系统和Java优化等；
如果你热衷于高性能分布式技术，你可以参与高性能分布式在线服务端程序的系统设计，在海量的网络访问和数据处理中，设计并设施最强大的解决方案；
岗位要求：通用要求：
1、 扎实的计算机专业基础知识，精通数据结构/算法设计；
2、 具有良好的沟通能力和团队合作能力；
3、 主动性强，有强烈的求知欲和创新能力；
一、搜索算法工程师：
1、熟悉机器学习算法；
2、热爱编程，熟悉python或java编程，有良好的编程习惯；
3、加分项：有信息检索、计算广告、在线推荐项目背景经验经验者优先；
4、加分项：有NLP、二分类算法、图算法、强化学习算法等相关经验；
二、搜索平台研发工程师：
或许，你来自计算机专业，机械专业，甚至可能是学生物的；但是，你酷爱着计算机以及互联网技术，热衷于解决挑战性的问题，追求极致的用户体验；
或许，你痴迷于数据结构和算法，热衷于ACM，常常为看到“accept”而兴奋的手足舞蹈；
或许，你熟悉Unix/Linux/Win32环境下编程，并有相关开发经验，熟练使用调试工具，并熟悉Perl，Python，shell等脚本语言；
或许，你熟悉网络编程和多线程编程，对TCP/IP，HTTP等网络协议有很深的理解，并了解XML和HTML语言；
或许，你热衷于数据库技术，能够熟练编写SQL脚本，有MySql或Oracle应用开发经验；
或许，你并不熟悉Java、C/C++编程语言，更精通PHP，.NET等编程语言中的一种或几种，但你有良好和快速的学习能力；
有可能，你参加过大学生数学建模竞赛，“挑战杯”，机器人足球比赛等；
也有可能，你在学校的时候作为骨干参与学生网站的建设和开发；
这些，都是我们想要的。来吧，加入
工作地点：北京 上海 杭州均可以"
算法实习生（可转正）,北京·朝阳区·国贸,发布于02月02日,200-400元/天,4天/周3个月本科,探探,互联网D轮及以上500-999人,深度学习算法 自然语言处理 推荐算法 广告算法,"**该岗位向应届生提供转正机会**
职位描述
1、参与探探APP中机器学习算法应用与优化；
2、参与召回、排序、混排等通用推荐算法创新与改进。
职位要求：
1、统招本科或以上学历，计算机相关专业，硕士生优先；
2、具有较好的算法基础，熟悉Linux平台上的python/golang/C++/java语言编程；
3、熟悉spark，Hive等大数据处理框架者优先，熟悉各种机器学习算法包括深度神经网络模型者优先；
4、有以下项目经历或实习经验者优先：广告系统、推荐系统、Deep Learning、图像、NLP处理；
5、正直诚信、有责任感、工作积极、善于沟通，有独立探索解决问题的能力。"
算法工程师,北京·朝阳区·红庙,发布于03月11日,20-25K·14薪,在校/应届本科,北京推想科技,数据服务C轮100-499人,图像算法,"1、有图像处理相关经验；
2、有Python/C++编程经验；
3、985高校应届毕业生。
职位招聘5-10人"
算法开发测试实习生,北京·海淀区·北下关,发布于13:21,100-200元/天,4天/周6个月本科,创盈智通,计算机软件不需要融资0-20人,深度学习算法 视觉图像算法 算法设计 Python,"中国铁道科学研究院基础设施检测研究所&北京铁科英迈技术有限公司招聘在校实习生3名，简历请发*****（请注明应聘岗位）。
算法开发测试实习生 薪资：1500-4500，特别优秀者另议
工作内容：主要负责前沿文献调研、数据收集整理、算法调试、性能结果统计、实际现场部署、测试等工作。
1、辅助开发计算机视觉相关算法，包括但不限于图像（或点云）目标检测、识别、分割、小样本学习，生成模型等。 或
2、辅助开发信号数据分析处理相关算法，包括但不限于波形数据分析检测、类型识别等。
任职要求：1. 在读大三、大四或硕士二、三年级学生，计算机、电子、通信等相关专业；
2. 熟悉C/C++、Python等编程语言；
3. 掌握Caffe、TenserFlow、Pytorch、DarkNet等主流深度学习框架之一；
4. 有基于深度学习的图像（或点云）目标检测、识别、分割等相关项目经验者优先；
5. 专注思考与钻研，有良好的沟通技巧和团队合作精神；
6. 实习周期在6个月以上的优先考虑。"
算法工程师（NLP/图像处理）,北京·朝阳区·双桥,发布于09月25日,18-30K·13薪,在校/应届本科,好大夫在线,互联网D轮及以上500-999人,深度学习算法 自然语言处理 搜索算法 TensorFlow,"工作职责：
1. 用机器学习、文本挖掘等技术，对结构化和非结构化数据进行挖掘，发现其潜在关系，指导医疗大数据应用落地；
2. 构建通用的分布式环境下机器学习系统，快速支持算法应用；
3. 参与文本意图分析，包括文本分类和聚类，拼写纠错，实体识别与消歧，中心词提取，短文本理解等；
4. 探索医疗AI领域。
工作要求：
1. 数学及人工智能方向博士，有较好的理论基础和快速的学习能力；
2. 熟练掌握TensorFlow，pyTorch，Caffe，HTS等社区开源工具中的一种及以上；
3. 对常用的机器学习/深度学习算法有深入理解，例如：LR/GMM/SVM/CRF/MaxEnt/HMM/NN 等；
4. 熟悉 linux 开发环境，掌握至少一门编程语言，如 C++、Python等；
5. 有NLP或图像领域的工作或研究经验，搭建过实际线上系统者优先；
6. 表达能力强，乐观向上，自我驱动力强，具备敏锐的洞察力和良好的抗压能力。"
自然语言处理算法工程实习生,北京·朝阳区·大望路,发布于昨天,250-300元/天,4天/周6个月本科,罗辑思维,互联网D轮及以上100-499人,搜索引擎 ES 知识图谱 句法分析 信息抽取,"岗位职责：
1、跟进并实验最新NLP前沿技术，参与搭建和实现相关模型
2、参与搜索/推荐业务的NLP算法策略的设计与实现
3、根据项目需求，参与解决实际工程问题，改造和优化算法
岗位要求：
1、具备自然语言处理/数据挖掘/知识图谱等领域的项目经验，熟练掌握自然语言处理方法，如句法分析/语义分析/结构化抽取等
2、熟练掌握主流机器学习和深度学习方法，熟练使用至少一种深度学习框架，如Tensorflow/Pytorch等
3、具备良好的算法基础和代码习惯
4、具备独立分析、良好的沟通协调和团队合作能力"
2021届校招金融科技-算法工程师-北京-01498,北京·朝阳区·国贸,发布于10月15日,15-30K,在校/应届本科,嘉实基金,互联网金融不需要融资1000-9999人,深度学习算法 自然语言处理,"岗位职责：
1、跟进并实验最新NLP前沿技术，参与搭建和实现相关模型
2、参与搜索/推荐业务的NLP算法策略的设计与实现
3、根据项目需求，参与解决实际工程问题，改造和优化算法
岗位要求：
1、具备自然语言处理/数据挖掘/知识图谱等领域的项目经验，熟练掌握自然语言处理方法，如句法分析/语义分析/结构化抽取等
2、熟练掌握主流机器学习和深度学习方法，熟练使用至少一种深度学习框架，如Tensorflow/Pytorch等
3、具备良好的算法基础和代码习惯
4、具备独立分析、良好的沟通协调和团队合作能力"
算法工程师,北京·朝阳区·牡丹园,发布于03月30日,8-13K,在校/应届硕士,Synnex,物流/仓储已上市10000人以上,机器学习 图像识别 数据挖掘 深度学习算法,"算法工程师-机器学习方向
岗位职责：（实习生岗位）
职责描述：
1、自然语言处理领域算法的探索与研究，包括信息抽取、文本知识挖掘、语义理解、依存句法分析等；
2、参与公司先关应用项目，负责算法的设计和开发实现、性能优化等，结合实际应用场景，提供解决方案；
3、处理大规模文本数据库，包括文本预处理、过滤、语料库维护等；
4、其他人工智能、机器学习算法的前沿研究。
任职要求：
1、统计学、数学、人工智能、数据挖掘、机器学习、计算机等相关专业，211/985院校本科及以上；
2、有自然语言处理、机器学习、深度学习工作经验，具备较深的理论背景，了解深度学习在自然语言处理方向的相关算法和框架；
3、具备知识图谱,智能应答系统、智能客服、聊天机器人、文本语义分析等领域相关项目经验者优先；
4、具备扎实的编程基础，精通一门编程语言（Java\Python等)，能够处理大规模文本数据库；
5、有较强的逻辑思维能力、优秀的沟通表达能力及团队合作能力。
6、英语读写熟练
7、较强的学习研究能力
8、高度的工作责任心

Algorithm Engineer
Responsibility:
1. Research and exploration of natural language processing algorithms ,including Information extraction, Text knowledge mining, Semantic understanding and dependency parsing etc.
2. Participate in application project of the company, responsible for the design ，development of algorithm and performance tuning .
3. Processing large-scale text database, including text preprocessing, filtering, corpus maintenance, etc
4. Research on other artificial intelligence and machine learning algorithms .

Job Requirement:
1. Statistics, mathematics, artificial intelligence, data mining, machine learning, computer and other related majors. 211 / 985 bachelor degree or above.
2. working experience in natural language processing, machine learning and deep learning 。Have a deep theoretical background, understand the algorithm and framework of deep learning in natural language processing.
3. Experience in knowledge graph,intelligent response system, intelligent customer service, chat robot, text semantic analysis and other fields is preferred .
4. Solid programming foundation, proficient in a programming language (Java \ python, etc.), able to handle large-scale text database .
5. Strong logical thinking ability, excellent communication and team work ability .
6. Fluent in English reading and writing .
7. Strong learning and research ability .
职位招聘1-3人"
算法工程师,北京,发布于01月22日,23-26K·15薪,在校/应届硕士,携程集团,互联网已上市10000人以上,深度学习算法 算法设计 机器学习算法 Python,"工作职责：
1、优化和改进算法模型，提升precision & recall；
2、设计模型数据的检验方案，指导数据检验和异常侦测工作，提高系统防风险能力；
3、编写算法说明书、与架构师一起设计模型植入系统的接口。
任职资格：招聘对象：全日制硕、博，计算机、软件或相关专业。
毕业时间：2020.9-2021.8
我们期望你：
1、有机器学习/人工智能实习或实践经验；
2、在统计/机器学习（回归(Logistic)，聚类，时间序列，分类树，Boosting，SVM，Random Forest，神经网络等）或
推荐算法 （Collaborative Filtering, SVD++）领域中有深入研究；
3、熟悉和掌握算法模型训练软件之一(如R, SAS, SPSS或者matlab等）；
4、熟练下列数据库查询之一Hive、SQL Server、Oracel、MySQL、或Teradata等；
5、良好的逻辑思维能力，能够从海量数据中发现有价值的规律；
6、不惧困难，面临挑战充满激情，面临挫折充满斗志，面临质疑临危不惧；
7、具有良好的沟通能力，和良好的团队合作精神；
有如下经验/能力者优先：
a 有数学建模竞赛获奖；
b Linux环境/Shell命令；
c 分布式计算Hadoop/hive/spark等相关技术；
d 基于集群的机器学习Spark ML、Mahout、或者R、Hadoop；
e 熟悉一种编程语言（Java、Python，或者Perl）。
职位招聘1-2人"
AI工程师(实习),北京·海淀区·西北旺,发布于02月23日,400-800元/天,5天/周2个月本科,华为技术有限公司,计算机软件不需要融资10000人以上,深度学习算法 Python 人工智能 TensorFlow,"岗位职责

• 算法优化：负责AI算法中计算在华为CPU/GPU/NPU等处理器上的计算性能优化，基础库设计；负责CNN/RNN/RL等模型的效果评估分析；负责持续跟踪业界最优实现，超越并创新
• 系统平台：负责AI相关系统平台的设计、开发和优化工作，在性能和易用性等指标上做好平衡；负责持续跟踪业界最优实现，超越并创新；负责和上下游客户对接，持续提升平台的性能和表现。

岗位要求

• 获得计算机科学、机器学习、统计学、应用数学等领域的优秀硕士；
• 有良好的研究背景和成果，对算法研究兴趣浓厚，业务抽象能力强；具备创造性思维，能够将全新想法转化为工程应用；对研究工作充满热情，具备良好的团队合作精神和沟通能力；
• 具备较强的编程能力，精通主流编程语言，如C++ /Java /Python等；
• 在高水平国际会议和学术期刊发表过相关论文，或有高水平竞赛获奖经历。"
